Gene Name	Transcript	Census Tier 1	Sample Name	Sample ID	AA Mutation	CDS Mutation	Primary Tissue	Tissue Subtype 1	Tissue Subtype 2	Histology	Histology Subtype 1	Histology Subtype 2	Pubmed Id	CGP Study	Somatic Status	Sample Type	Zygosity	Genomic Co-ordinates
GNB2	ENST00000303210.4	No	2492729	2492729	p.S2N	c.5G>A	Skin	NS	NS	Malignant melanoma	NS	NS	26286987	-	Confirmed Somatic	Tumour Sample	Unknown	7:100273893..100273893
GNB2	ENST00000303210.4	No	EXTERN_MELA_20140505_058	2839426	p.E5*	c.13G>T	Skin	Trunk	NS	Malignant melanoma	NS	NS	28467829	-	Confirmed Somatic	Tumour Sample	Unknown	7:100273901..100273901
GNB2	ENST00000303210.4	No	W2T	2745039	p.Q9*	c.25C>T	Thyroid	NS	NS	Carcinoma	NS	NS	-	676	Confirmed Somatic	Tumour Sample	Unknown	7:100273913..100273913
GNB2	ENST00000303210.4	No	Thyroid-CN-WZ029T	2635090	p.Q9*	c.25C>T	Thyroid	NS	NS	Carcinoma	NS	NS	-	676	Confirmed Somatic	Tumour Sample	Unknown	7:100273913..100273913
GNB2	ENST00000303210.4	No	TCGA-ER-A19P-06	2121726	p.R15=	c.43C>A	Skin	NS	NS	Malignant melanoma	NS	NS	-	540	Confirmed Somatic	Unknown	Unknown	7:100273931..100273931
GNB2	ENST00000303210.4	No	TCGA-B5-A0JY-01	1783388	p.K23Q	c.67A>C	Endometrium	NS	NS	Carcinoma	Endometrioid carcinoma	NS	-	419	Variant of unknown origin	Tumour Sample	Heterozygous	7:100274167..100274167
GNB2	ENST00000303210.4	No	STC252	2404161	p.C25R	c.73T>C	Stomach	NS	NS	Carcinoma	Intestinal adenocarcinoma	NS	25042771	-	Confirmed Somatic	Tumour Sample	Unknown	7:100274173..100274173
GNB2	ENST00000303210.4	No	T662	2658455	p.G26=	c.78G>A	Large intestine	NS	NS	Carcinoma	Adenocarcinoma	NS	27149842	-	Confirmed Somatic	Unknown	Unknown	7:100274178..100274178
GNB2	ENST00000303210.4	No	TCGA-XK-AAIW-01	2339713	p.S28P	c.82T>C	Prostate	NS	NS	Carcinoma	Adenocarcinoma	NS	-	435	Confirmed Somatic	Tumour Sample	Unknown	7:100274182..100274182
GNB2	ENST00000303210.4	No	B34	2097275	p.S28L	c.83C>T	Urinary tract	Bladder	NS	Carcinoma	Transitional cell carcinoma	NS	24121792	-	Confirmed Somatic	Tumour Sample	Unknown	7:100274183..100274183
GNB2	ENST00000303210.4	No	LUAD-YINHD	1765263	p.S28*	c.83C>G	Lung	NS	NS	Carcinoma	Adenocarcinoma	NS	22980975	-	Variant of unknown origin	Tumour Sample	Unknown	7:100274183..100274183
GNB2	ENST00000303210.4	No	B34-Tumor	2186437	p.S28L	c.83C>T	Urinary tract	Bladder	NS	Carcinoma	NS	NS	-	581	Confirmed Somatic	Unknown	Unknown	7:100274183..100274183
GNB2	ENST00000303210.4	No	TCGA-BR-8361-01	2197909	p.L30P	c.89T>C	Stomach	NS	NS	Carcinoma	Adenocarcinoma	NS	-	541	Confirmed Somatic	Unknown	Unknown	7:100274189..100274189
GNB2	ENST00000303210.4	No	PD42113a	2894822	p.Q32*	c.94C>T	Skin	Trunk	NS	Malignant melanoma	Superficial spreading	NS	33024263	-	Confirmed Somatic	Tumour Sample	Unknown	7:100274194..100274194
GNB2	ENST00000303210.4	No	289	2748261	p.G36W	c.106G>T	Stomach	NS	NS	Carcinoma	NS	NS	-	683	Confirmed Somatic	Tumour Sample	Unknown	7:100274325..100274325
GNB2	ENST00000303210.4	No	7	2584590	p.R48W	c.142C>T	Skin	Face	NS	Carcinoma	Merkel cell carcinoma	NS	27592799	-	Confirmed Somatic	Tumour Sample	Unknown	7:100274361..100274361
GNB2	ENST00000303210.4	No	TCGA-D1-A103-01	1783494	p.R48W	c.142C>T	Endometrium	NS	NS	Carcinoma	Endometrioid carcinoma	NS	-	419	Previously Reported	Tumour Sample	Heterozygous	7:100274361..100274361
GNB2	ENST00000303210.4	No	587220	1766747	p.R48W	c.142C>T	Large intestine	Colon	NS	Carcinoma	Adenocarcinoma	NS	22895193	-	Confirmed Somatic	Tumour Sample	Unknown	7:100274361..100274361
GNB2	ENST00000303210.4	No	RK119_C01	2194688	p.T50=	c.150C>T	Liver	NS	NS	Carcinoma	NS	NS	-	322	Confirmed Somatic	Unknown	Unknown	7:100274369..100274369
GNB2	ENST00000303210.4	No	TCGA-VS-A958-01	2339557	p.L51=	c.153C>T	Cervix	NS	NS	Carcinoma	Squamous cell carcinoma	NS	-	415	Confirmed Somatic	Tumour Sample	Unknown	7:100274372..100274372
GNB2	ENST00000303210.4	No	TCGA-EO-A3AU-01	2198433	p.R52C	c.154C>T	Endometrium	NS	NS	Carcinoma	Endometrioid carcinoma	NS	-	419	Confirmed Somatic	Unknown	Unknown	7:100274373..100274373
GNB2	ENST00000303210.4	No	587228	1766751	p.R52H	c.155G>A	Large intestine	Colon	NS	Carcinoma	Adenocarcinoma	NS	22895193	-	Confirmed Somatic	Tumour Sample	Unknown	7:100274374..100274374
GNB2	ENST00000303210.4	No	61	2497169	p.G53V	c.158G>T	Small intestine	Duodenum	NS	Adenoma	NS	NS	26806338	-	Confirmed Somatic	Tumour Sample	Unknown	7:100274377..100274377
GNB2	ENST00000303210.4	No	SJBALL022172	2940776	p.G53E	c.158G>A	Haematopoietic and lymphoid	NS	NS	Lymphoid neoplasm	Acute lymphoblastic B cell leukaemia	NS	36050548	-	Confirmed Somatic	Tumour Sample	Unknown	7:100274377..100274377
GNB2	ENST00000303210.4	No	TCGA-DD-A1EE-01	2194658	p.A56E	c.167C>A	Liver	NS	NS	Carcinoma	Hepatocellular carcinoma	NS	-	628	Confirmed Somatic	Unknown	Unknown	7:100274386..100274386
GNB2	ENST00000303210.4	No	NPC0001PT00235T00235	2857306	p.K57N	c.171G>T	Upper aerodigestive tract	Pharynx	Nasopharynx	Carcinoma	Nasopharyngeal carcinoma	Non keratinizing	28851814	-	Confirmed Somatic	Tumour Sample	Unknown	7:100274390..100274390
GNB2	ENST00000303210.4	No	2923596	2923596	p.A60S	c.178G>T	Haematopoietic and lymphoid	Skin	NS	Lymphoid neoplasm	Mycosis fungoides-Sezary syndrome	NS	27039262	-	Confirmed Somatic	Tumour Sample	Heterozygous	7:100274397..100274397
GNB2	ENST00000303210.4	No	T26	2411215	p.T65=	c.195C>T	Large intestine	Colon	NS	Carcinoma	Adenocarcinoma	NS	26071483	-	Confirmed Somatic	Tumour Sample	Unknown	7:100274414..100274414
GNB2	ENST00000303210.4	No	GCTK_14543_T	2747517	p.R68=	c.202A>C	Stomach	NS	NS	Carcinoma	NS	NS	-	683	Confirmed Somatic	Tumour Sample	Unknown	7:100274421..100274421
GNB2	ENST00000303210.4	No	T2281	2658350	p.S72=	c.216C>T	Large intestine	NS	NS	Carcinoma	Adenocarcinoma	NS	27149842	-	Confirmed Somatic	Unknown	Unknown	7:100274987..100274987
GNB2	ENST00000303210.4	No	94128	2807570	p.A73T	c.217G>A	Stomach	NS	NS	Carcinoma	Adenocarcinoma	NS	24807215	-	Confirmed Somatic	Tumour Sample	Unknown	7:100274988..100274988
GNB2	ENST00000303210.4	No	TCGA-D1-A103-01	1783494	p.A73T	c.217G>A	Endometrium	NS	NS	Carcinoma	Endometrioid carcinoma	NS	-	419	Previously Reported	Tumour Sample	Heterozygous	7:100274988..100274988
GNB2	ENST00000303210.4	No	TCGA-AJ-A3OK-01	2198436	p.A73T	c.217G>A	Endometrium	NS	NS	Carcinoma	Endometrioid carcinoma	NS	-	419	Confirmed Somatic	Unknown	Unknown	7:100274988..100274988
GNB2	ENST00000303210.4	No	T3235	2658250	p.A73T	c.217G>A	Large intestine	NS	NS	Carcinoma	Adenocarcinoma	NS	27149842	-	Confirmed Somatic	Unknown	Unknown	7:100274988..100274988
GNB2	ENST00000303210.4	No	TCGA-EE-A3AD-06	2121695	p.Q75K	c.223C>A	Skin	NS	NS	Malignant melanoma	NS	NS	-	540	Confirmed Somatic	Unknown	Unknown	7:100274994..100274994
GNB2	ENST00000303210.4	No	SJTALL058	2940442	p.K78E	c.232A>G	Haematopoietic and lymphoid	NS	NS	Lymphoid neoplasm	Acute lymphoblastic T cell leukaemia	NS	36050548	-	Confirmed Somatic	Tumour Sample	Unknown	7:100275003..100275003
GNB2	ENST00000303210.4	No	PATALJ	2730537	p.I80T	c.239T>C	Haematopoietic and lymphoid	NS	NS	Lymphoid neoplasm	Acute lymphoblastic T cell leukaemia	NS	28671688	-	Confirmed Somatic	Tumour Sample	Unknown	7:100275010..100275010
GNB2	ENST00000303210.4	No	RK308_C01	2194686	p.W82*	c.246G>A	Liver	NS	NS	Carcinoma	NS	NS	-	322	Confirmed Somatic	Unknown	Unknown	7:100275017..100275017
GNB2	ENST00000303210.4	No	T1232	2296091	p.D83G	c.248A>G	Large intestine	Rectum	NS	Carcinoma	Adenocarcinoma	NS	25344691	-	Confirmed Somatic	Unknown	Unknown	7:100275019..100275019
GNB2	ENST00000303210.4	No	T1232	2658662	p.D83G	c.248A>G	Large intestine	NS	NS	Carcinoma	Adenocarcinoma	NS	27149842	-	Confirmed Somatic	Unknown	Unknown	7:100275019..100275019
GNB2	ENST00000303210.4	No	TCGA-D9-A148-06	2121555	p.T86=	c.258C>A	Skin	NS	NS	Malignant melanoma	NS	NS	-	540	Confirmed Somatic	Unknown	Unknown	7:100275029..100275029
GNB2	ENST00000303210.4	No	SJALL018394-R	2824026	p.K89E	c.265A>G	Haematopoietic and lymphoid	NS	NS	Lymphoid neoplasm	Acute lymphoblastic B cell leukaemia	NS	31697823	-	Confirmed Somatic	Tumour Sample	Unknown	7:100275036..100275036
GNB2	ENST00000303210.4	No	QC2-11-T2	2462792	p.K89T	c.266A>C	Haematopoietic and lymphoid	NS	NS	Lymphoid neoplasm	Diffuse large B cell lymphoma	NS	26647218	-	Confirmed Somatic	Tumour Sample	Unknown	7:100275037..100275037
GNB2	ENST00000303210.4	No	sysucc-1370T	2456725	p.A92T	c.274G>A	Large intestine	NS	NS	Carcinoma	Adenocarcinoma	NS	-	646	Confirmed Somatic	Tumour Sample	Unknown	7:100275127..100275127
GNB2	ENST00000303210.4	No	TCGA-BR-4184-01	2198083	p.A92T	c.274G>A	Stomach	NS	NS	Carcinoma	Adenocarcinoma	NS	-	541	Confirmed Somatic	Unknown	Unknown	7:100275127..100275127
GNB2	ENST00000303210.4	No	ZZUFHECRKL-G055T	2456978	p.P94L	c.281C>T	Oesophagus	NS	NS	Carcinoma	Squamous cell carcinoma	NS	-	582	Confirmed Somatic	Tumour Sample	Unknown	7:100275134..100275134
GNB2	ENST00000303210.4	No	T605	2658311	p.P94=	c.282G>A	Large intestine	NS	NS	Carcinoma	Adenocarcinoma	NS	27149842	-	Confirmed Somatic	Unknown	Unknown	7:100275135..100275135
GNB2	ENST00000303210.4	No	T2940	2296138	p.P94=	c.282G>A	Large intestine	Colon	Transverse	Carcinoma	Adenocarcinoma	NS	25344691	-	Confirmed Somatic	Unknown	Unknown	7:100275135..100275135
GNB2	ENST00000303210.4	No	TCGA-50-5930-01	1913992	p.L95=	c.285G>A	Lung	Right lower lobe	NS	Carcinoma	Adenocarcinoma	NS	-	417	Variant of unknown origin	Tumour Sample	Unknown	7:100275138..100275138
GNB2	ENST00000303210.4	No	APGI-CC-3117	2866102	p.R96H	c.287G>A	Biliary tract	Bile duct	NS	Carcinoma	Adenocarcinoma	NS	26804919	-	Confirmed Somatic	Tumour Sample	Unknown	7:100275140..100275140
GNB2	ENST00000303210.4	No	TARGET-50-PAJMEN-01A-01D	2459613	p.R96H	c.287G>A	Kidney	NS	NS	Wilms tumour	NS	NS	-	657	Confirmed Somatic	Tumour Sample	Unknown	7:100275140..100275140
GNB2	ENST00000303210.4	No	5-VS035-T1	2869860	p.S97=	c.291C>T	Skin	NS	NS	Carcinoma	Basal cell carcinoma	NS	26950094	-	Confirmed Somatic	Tumour Sample	Unknown	7:100275144..100275144
GNB2	ENST00000303210.4	No	TCGA-10-0930-01	1474817	p.M101V	c.301A>G	Ovary	NS	NS	Carcinoma	Serous carcinoma	NS	21720365	331	Confirmed Somatic	Tumour Sample	Heterozygous	7:100275154..100275154
GNB2	ENST00000303210.4	No	TCGA-13-0912-01	1474988	p.M101T	c.302T>C	Ovary	NS	NS	Carcinoma	Serous carcinoma	NS	21720365	331	Confirmed Somatic	Tumour Sample	Heterozygous	7:100275155..100275155
GNB2	ENST00000303210.4	No	038_Archival1	2905723	p.M101I	c.303G>A	Breast	NS	NS	Carcinoma	ER-PR-HER-positive carcinoma	NS	32723837	-	Confirmed Somatic	Tumour Sample	Unknown	7:100275156..100275156
GNB2	ENST00000303210.4	No	038_Prospective1	2905724	p.M101I	c.303G>A	Breast	NS	NS	Carcinoma	NS	NS	32723837	-	Confirmed Somatic	Tumour Sample	Unknown	7:100275156..100275156
GNB2	ENST00000303210.4	No	T1762	2658285	p.T102=	c.306C>A	Large intestine	NS	NS	Carcinoma	Adenocarcinoma	NS	27149842	-	Confirmed Somatic	Unknown	Unknown	7:100275159..100275159
GNB2	ENST00000303210.4	No	51	2497159	p.Y105C	c.314A>G	Pancreas	Ampulla of Vater	NS	Carcinoma	NS	NS	26806338	-	Confirmed Somatic	Tumour Sample	Unknown	7:100275167..100275167
GNB2	ENST00000303210.4	No	TCGA-BS-A0UF-01	1783473	p.A106T	c.316G>A	Endometrium	NS	NS	Carcinoma	Endometrioid carcinoma	NS	-	419	Variant of unknown origin	Tumour Sample	Heterozygous	7:100275169..100275169
GNB2	ENST00000303210.4	No	T335135	2658230	p.A106V	c.317C>T	Large intestine	NS	NS	Carcinoma	Adenocarcinoma	NS	27149842	-	Confirmed Somatic	Unknown	Unknown	7:100275170..100275170
GNB2	ENST00000303210.4	No	TCGA-EE-A2GJ-06	2121660	p.P107=	c.321C>T	Skin	NS	NS	Malignant melanoma	NS	NS	-	540	Confirmed Somatic	Unknown	Unknown	7:100275174..100275174
GNB2	ENST00000303210.4	No	TCGA-19-5956-01	2178192	p.G109=	c.327G>T	Central nervous system	Brain	NS	Glioma	Astrocytoma Grade IV	Glioblastoma multiforme	-	329	Confirmed Somatic	Unknown	Unknown	7:100275180..100275180
GNB2	ENST00000303210.4	No	TCGA-EY-A215-01	2198342	p.N119S	c.356A>G	Endometrium	NS	NS	Carcinoma	Endometrioid carcinoma	NS	-	419	Confirmed Somatic	Unknown	Unknown	7:100275209..100275209
GNB2	ENST00000303210.4	No	J76_T	2195003	p.K127N	c.381G>C	Lung	NS	NS	Carcinoma	Squamous cell carcinoma	NS	-	583	Confirmed Somatic	Unknown	Unknown	7:100275234..100275234
GNB2	ENST00000303210.4	No	2014_Lung_sq_06_T	2744877	p.K127N	c.381G>C	Lung	NS	NS	Carcinoma	NS	NS	-	583	Confirmed Somatic	Tumour Sample	Unknown	7:100275234..100275234
GNB2	ENST00000303210.4	No	T3025	2658315	p.R129C	c.385C>T	Large intestine	NS	NS	Carcinoma	Adenocarcinoma	NS	27149842	-	Confirmed Somatic	Unknown	Unknown	7:100275238..100275238
GNB2	ENST00000303210.4	No	T267922	2658244	p.V133I	c.397G>A	Large intestine	NS	NS	Carcinoma	Adenocarcinoma	NS	27149842	-	Confirmed Somatic	Unknown	Unknown	7:100275250..100275250
GNB2	ENST00000303210.4	No	46M	2466836	p.G141S	c.421G>A	Skin	Face	NS	Malignant melanoma	Desmoplastic	NS	26343386	-	Confirmed Somatic	Tumour Sample	Unknown	7:100275274..100275274
GNB2	ENST00000303210.4	No	TCGA-CH-5769-01	1797174	p.G141=	c.423C>T	Prostate	NS	NS	Carcinoma	Adenocarcinoma	NS	-	435	Confirmed Somatic	Tumour Sample	Unknown	7:100275276..100275276
GNB2	ENST00000303210.4	No	KYSE-180	2267700	p.G144=	c.432G>T	Oesophagus	NS	NS	Carcinoma	Squamous cell carcinoma	NS	25151357	-	Variant of unknown origin	Cultured	Unknown	7:100275376..100275376
GNB2	ENST00000303210.4	No	TCGA-BR-4184-01	2198083	p.R150H	c.449G>A	Stomach	NS	NS	Carcinoma	Adenocarcinoma	NS	-	541	Confirmed Somatic	Unknown	Unknown	7:100275393..100275393
GNB2	ENST00000303210.4	No	TCGA-BB-4228-01	2193643	p.D153N	c.457G>A	Upper aerodigestive tract	Head neck	NS	Carcinoma	Squamous cell carcinoma	NS	-	627	Confirmed Somatic	Unknown	Unknown	7:100275401..100275401
GNB2	ENST00000303210.4	No	TCGA-CC-A3MC-01	2194613	p.I157V	c.469A>G	Liver	NS	NS	Carcinoma	Hepatocellular carcinoma	NS	-	628	Confirmed Somatic	Unknown	Unknown	7:100275413..100275413
GNB2	ENST00000303210.4	No	TCGA-EE-A29E-06	2121636	p.G162W	c.484G>T	Skin	NS	NS	Malignant melanoma	NS	NS	-	540	Confirmed Somatic	Unknown	Unknown	7:100275428..100275428
GNB2	ENST00000303210.4	No	tumor_4131744	2195327	p.G162=	c.486G>A	Haematopoietic and lymphoid	NS	NS	Lymphoid neoplasm	NS	NS	-	440	Confirmed Somatic	Unknown	Unknown	7:100275430..100275430
GNB2	ENST00000303210.4	No	tumor_4131744	2195327	p.D163N	c.487G>A	Haematopoietic and lymphoid	NS	NS	Lymphoid neoplasm	NS	NS	-	440	Confirmed Somatic	Unknown	Unknown	7:100275431..100275431
GNB2	ENST00000303210.4	No	TCGA-D3-A3CC-06	2121532	p.T165=	c.495C>A	Skin	NS	NS	Malignant melanoma	NS	NS	-	540	Confirmed Somatic	Unknown	Unknown	7:100275439..100275439
GNB2	ENST00000303210.4	No	TCGA-FS-A4FD-06	2121781	p.D170N	c.508G>A	Skin	NS	NS	Malignant melanoma	NS	NS	-	540	Confirmed Somatic	Unknown	Unknown	7:100275731..100275731
GNB2	ENST00000303210.4	No	SJTALL013797-R	2824176	p.I171T	c.512T>C	Haematopoietic and lymphoid	NS	NS	Lymphoid neoplasm	Acute lymphoblastic T cell leukaemia	NS	31697823	-	Confirmed Somatic	Tumour Sample	Unknown	7:100275735..100275735
GNB2	ENST00000303210.4	No	SJG-018	2561465	p.E172D	c.516G>C	Upper aerodigestive tract	Mouth	Tongue	Carcinoma	Squamous cell carcinoma	NS	27693639	-	Confirmed Somatic	Cultured	Unknown	7:100275739..100275739
GNB2	ENST00000303210.4	No	TCGA-55-6712-01	1780185	p.T173=	c.519A>T	Lung	NS	NS	Carcinoma	Adenocarcinoma	NS	-	417	Confirmed Somatic	Tumour Sample	Unknown	7:100275742..100275742
GNB2	ENST00000303210.4	No	STC10GA	2935482	p.T177=	c.531A>G	Stomach	NS	NS	Adenoma	NS	NS	29945994	-	Confirmed Somatic	Tumour Sample	Unknown	7:100275754..100275754
GNB2	ENST00000303210.4	No	STC10GC	2935483	p.T177=	c.531A>G	Stomach	NS	NS	Carcinoma	Intestinal adenocarcinoma	NS	29945994	-	Confirmed Somatic	Tumour Sample	Unknown	7:100275754..100275754
GNB2	ENST00000303210.4	No	sysucc-1315T	2456721	p.V178L	c.532G>C	Large intestine	NS	NS	Carcinoma	Adenocarcinoma	NS	-	646	Confirmed Somatic	Tumour Sample	Unknown	7:100275755..100275755
GNB2	ENST00000303210.4	No	TCGA-BG-A0MQ-01	1783434	p.V178A	c.533T>C	Endometrium	NS	NS	Carcinoma	Endometrioid carcinoma	NS	-	419	Confirmed Somatic	Tumour Sample	Unknown	7:100275756..100275756
GNB2	ENST00000303210.4	No	U373	2491105	p.G179C	c.535G>T	Central nervous system	Brain	NS	Glioma	Astrocytoma Grade IV	Glioblastoma multiforme	26496030	-	Previously Reported	Cultured	Unknown	7:100275758..100275758
GNB2	ENST00000303210.4	No	SNB19	1998480	p.G179C	c.535G>T	Central nervous system	Cerebrum	NS	Glioma	Astrocytoma Grade IV	Glioblastoma multiforme	23856246	-	Confirmed Somatic	Cultured	Heterozygous	7:100275758..100275758
GNB2	ENST00000303210.4	No	TCGA-22-5491-01	1781029	p.A181V	c.542C>T	Lung	NS	NS	Carcinoma	Squamous cell carcinoma	NS	-	418	Variant of unknown origin	Tumour Sample	Unknown	7:100275765..100275765
GNB2	ENST00000303210.4	No	OSCC-GB_00980111	2340552	p.G182A	c.545G>C	Upper aerodigestive tract	Mouth	NS	Carcinoma	NS	NS	-	539	Confirmed Somatic	Tumour Sample	Unknown	7:100275768..100275768
GNB2	ENST00000303210.4	No	LUAD_E01047	1765213	p.D186N	c.556G>A	Lung	NS	NS	Carcinoma	Adenocarcinoma	NS	22980975	-	Variant of unknown origin	Tumour Sample	Unknown	7:100275779..100275779
GNB2	ENST00000303210.4	No	CLL008	1897467	p.S191A	c.571T>G	Haematopoietic and lymphoid	NS	NS	Lymphoid neoplasm	Chronic lymphocytic leukaemia-small lymphocytic lymphoma	NS	23415222	-	Confirmed Somatic	Tumour Sample	Unknown	7:100275794..100275794
GNB2	ENST00000303210.4	No	SNU-175	2302007	p.S191=	c.573C>A	Large intestine	NS	NS	Carcinoma	Adenocarcinoma	NS	24755471	-	Variant of unknown origin	Cultured	Heterozygous	7:100275796..100275796
GNB2	ENST00000303210.4	No	394	2267366	p.P194A	c.580C>G	Oesophagus	Middle third	NS	Carcinoma	Squamous cell carcinoma	NS	25151357	-	Confirmed Somatic	Tumour Sample	Unknown	7:100275803..100275803
GNB2	ENST00000303210.4	No	TCGA-XK-AAIW-01	2339713	p.D195N	c.583G>A	Prostate	NS	NS	Carcinoma	Adenocarcinoma	NS	-	435	Confirmed Somatic	Tumour Sample	Unknown	7:100275806..100275806
GNB2	ENST00000303210.4	No	T3305	2658407	p.T198M	c.593C>T	Large intestine	NS	NS	Carcinoma	Adenocarcinoma	NS	27149842	-	Confirmed Somatic	Unknown	Unknown	7:100275816..100275816
GNB2	ENST00000303210.4	No	TCGA-AJ-A3EL-01	2198271	p.T198=	c.594G>A	Endometrium	NS	NS	Carcinoma	Endometrioid carcinoma	NS	-	419	Confirmed Somatic	Unknown	Unknown	7:100275817..100275817
GNB2	ENST00000303210.4	No	HKNPC-061-Tumor-SM-7CK95	2640159	p.T198=	c.594G>A	Upper aerodigestive tract	Pharynx	Nasopharynx	Carcinoma	Nasopharyngeal carcinoma	NS	28098136	-	Confirmed Somatic	Tumour Sample	Unknown	7:100275817..100275817
GNB2	ENST00000303210.4	No	TCGA-AP-A056-01	1783334	p.G202=	c.606C>T	Endometrium	NS	NS	Carcinoma	Endometrioid carcinoma	NS	-	419	Variant of unknown origin	Tumour Sample	Heterozygous	7:100275829..100275829
GNB2	ENST00000303210.4	No	587220	1766747	p.A203T	c.607G>A	Large intestine	Colon	NS	Carcinoma	Adenocarcinoma	NS	22895193	-	Confirmed Somatic	Tumour Sample	Unknown	7:100275830..100275830
GNB2	ENST00000303210.4	No	STC08GC	2935479	p.I208V	c.622A>G	Stomach	NS	NS	Carcinoma	Intestinal adenocarcinoma	NS	29945994	-	Confirmed Somatic	Tumour Sample	Unknown	7:100275845..100275845
GNB2	ENST00000303210.4	No	GBNEC_9	2907840	p.I208M	c.624C>G	Biliary tract	Gallbladder	NS	Carcinoma	Small cell carcinoma	NS	33563892	-	Variant of unknown origin	Tumour Sample	Unknown	7:100275847..100275847
GNB2	ENST00000303210.4	No	TCGA-DI-A1BU-01	2198300	p.K209N	c.627G>C	Endometrium	NS	NS	Carcinoma	Endometrioid carcinoma	NS	-	419	Confirmed Somatic	Unknown	Unknown	7:100275850..100275850
GNB2	ENST00000303210.4	No	EXTERN_MELA_20140924_119	2839480	p.D212E	c.636C>G	Skin	Upper arm	NS	Malignant melanoma	NS	NS	28467829	-	Confirmed Somatic	Tumour Sample	Unknown	7:100275859..100275859
GNB2	ENST00000303210.4	No	385	2267357	p.V213M	c.637G>A	Oesophagus	Lower third	NS	Carcinoma	Squamous cell carcinoma	NS	25151357	-	Confirmed Somatic	Tumour Sample	Unknown	7:100275860..100275860
GNB2	ENST00000303210.4	No	5-VS034-T1	2869858	p.S216=	c.648C>T	Skin	NS	NS	Carcinoma	Basal cell carcinoma	NS	26950094	-	Confirmed Somatic	Tumour Sample	Unknown	7:100275871..100275871
GNB2	ENST00000303210.4	No	289	2748261	p.I223=	c.669C>T	Stomach	NS	NS	Carcinoma	NS	NS	-	683	Confirmed Somatic	Tumour Sample	Unknown	7:100275892..100275892
GNB2	ENST00000303210.4	No	TCGA-NH-A8F7-06	2339248	p.I223=	c.669C>T	Large intestine	Colon	NS	Carcinoma	Adenocarcinoma	NS	-	376	Confirmed Somatic	Unknown	Unknown	7:100275892..100275892
GNB2	ENST00000303210.4	No	T2438	2658669	p.G224S	c.670G>A	Large intestine	NS	NS	Carcinoma	Adenocarcinoma	NS	27149842	-	Confirmed Somatic	Unknown	Unknown	7:100275893..100275893
GNB2	ENST00000303210.4	No	T302124	2658335	p.H225=	c.675T>C	Large intestine	NS	NS	Carcinoma	Adenocarcinoma	NS	27149842	-	Confirmed Somatic	Unknown	Unknown	7:100275898..100275898
GNB2	ENST00000303210.4	No	TCGA-D3-A8GM-06	2263571	p.S227F	c.680C>T	Skin	NS	NS	Malignant melanoma	NS	NS	-	540	Confirmed Somatic	Unknown	Unknown	7:100275903..100275903
GNB2	ENST00000303210.4	No	587248	1766758	p.D228N	c.682G>A	Large intestine	Colon	NS	Carcinoma	Adenocarcinoma	NS	22895193	-	Confirmed Somatic	Tumour Sample	Unknown	7:100275905..100275905
GNB2	ENST00000303210.4	No	TCGA-19-2619	2108042	p.N230=	c.690T>C	Central nervous system	Brain	NS	Glioma	Astrocytoma Grade IV	Glioblastoma multiforme	23917401	-	Confirmed Somatic	Unknown	Unknown	7:100275913..100275913
GNB2	ENST00000303210.4	No	TCGA-19-2619	2108042	p.A231P	c.691G>C	Central nervous system	Brain	NS	Glioma	Astrocytoma Grade IV	Glioblastoma multiforme	23917401	-	Confirmed Somatic	Unknown	Unknown	7:100275914..100275914
GNB2	ENST00000303210.4	No	TCGA-19-2619	2108042	p.A231V	c.692C>T	Central nervous system	Brain	NS	Glioma	Astrocytoma Grade IV	Glioblastoma multiforme	23917401	-	Confirmed Somatic	Unknown	Unknown	7:100275915..100275915
GNB2	ENST00000303210.4	No	TCGA-19-2619	2108042	p.V232M	c.694G>A	Central nervous system	Brain	NS	Glioma	Astrocytoma Grade IV	Glioblastoma multiforme	23917401	-	Confirmed Somatic	Unknown	Unknown	7:100275917..100275917
GNB2	ENST00000303210.4	No	TCGA-19-2619	2108042	p.V232G	c.695T>G	Central nervous system	Brain	NS	Glioma	Astrocytoma Grade IV	Glioblastoma multiforme	23917401	-	Confirmed Somatic	Unknown	Unknown	7:100275918..100275918
GNB2	ENST00000303210.4	No	TCGA-19-2619	2108042	p.A233P	c.697G>C	Central nervous system	Brain	NS	Glioma	Astrocytoma Grade IV	Glioblastoma multiforme	23917401	-	Confirmed Somatic	Unknown	Unknown	7:100275920..100275920
GNB2	ENST00000303210.4	No	TCGA-19-2619	2108042	p.A233V	c.698C>T	Central nervous system	Brain	NS	Glioma	Astrocytoma Grade IV	Glioblastoma multiforme	23917401	-	Confirmed Somatic	Unknown	Unknown	7:100275921..100275921
GNB2	ENST00000303210.4	No	TCGA-EE-A3AD-06	2121695	p.P236=	c.708C>A	Skin	NS	NS	Malignant melanoma	NS	NS	-	540	Confirmed Somatic	Unknown	Unknown	7:100276029..100276029
GNB2	ENST00000303210.4	No	PCRC16_3A	2873962	p.N237=	c.711C>T	Large intestine	Colon	Transverse	Adenoma	Tubulovillous	NS	30038269	-	Confirmed Somatic	Tumour Sample	Unknown	7:100276032..100276032
GNB2	ENST00000303210.4	No	TCGA-3B-A9HT-01	2457246	p.G238D	c.713G>A	Soft tissue	NS	NS	Sarcoma	NS	NS	-	635	Confirmed Somatic	Tumour Sample	Unknown	7:100276034..100276034
GNB2	ENST00000303210.4	No	pros_02_dx	2688204	p.Y239=	c.717C>T	Haematopoietic and lymphoid	NS	NS	Haematopoietic neoplasm	Acute myeloid leukaemia	NS	-	544	Confirmed Somatic	Tumour Sample	Unknown	7:100276038..100276038
GNB2	ENST00000303210.4	No	T613	2658377	p.A240T	c.718G>A	Large intestine	NS	NS	Carcinoma	Adenocarcinoma	NS	27149842	-	Confirmed Somatic	Unknown	Unknown	7:100276039..100276039
GNB2	ENST00000303210.4	No	T4525	2658396	p.A240T	c.718G>A	Large intestine	NS	NS	Carcinoma	Adenocarcinoma	NS	27149842	-	Confirmed Somatic	Unknown	Unknown	7:100276039..100276039
GNB2	ENST00000303210.4	No	T3321	2658247	p.G244S	c.730G>A	Large intestine	NS	NS	Carcinoma	Adenocarcinoma	NS	27149842	-	Confirmed Somatic	Unknown	Unknown	7:100276051..100276051
GNB2	ENST00000303210.4	No	19	2497130	p.R251H	c.752G>A	Pancreas	Ampulla of Vater	NS	Carcinoma	NS	NS	26806338	-	Confirmed Somatic	Tumour Sample	Unknown	7:100276073..100276073
GNB2	ENST00000303210.4	No	TCGA-EY-A549-01	2198465	p.R251H	c.752G>A	Endometrium	NS	NS	Carcinoma	Endometrioid carcinoma	NS	-	419	Confirmed Somatic	Unknown	Unknown	7:100276073..100276073
GNB2	ENST00000303210.4	No	Gp2D	2301973	p.F253=	c.759C>T	Large intestine	NS	NS	Carcinoma	Adenocarcinoma	NS	24755471	-	Previously Reported	Cultured	Heterozygous	7:100276080..100276080
GNB2	ENST00000303210.4	No	TCGA-XF-AAMX-01	2339188	p.F253=	c.759C>T	Urinary tract	Bladder	NS	Carcinoma	NS	NS	-	413	Confirmed Somatic	Tumour Sample	Unknown	7:100276080..100276080
GNB2	ENST00000303210.4	No	TCGA-XF-A9T2-01	2340582	p.F253L	c.759C>A	Urinary tract	Bladder	NS	Carcinoma	NS	NS	-	413	Confirmed Somatic	Tumour Sample	Unknown	7:100276080..100276080
GNB2	ENST00000303210.4	No	T1195	2658719	p.F253=	c.759C>T	Large intestine	NS	NS	Carcinoma	Adenocarcinoma	NS	27149842	-	Confirmed Somatic	Unknown	Unknown	7:100276080..100276080
GNB2	ENST00000303210.4	No	Gp5D	2301974	p.F253=	c.759C>T	Large intestine	NS	NS	Carcinoma	Adenocarcinoma	NS	24755471	-	Previously Reported	Cultured	Heterozygous	7:100276080..100276080
GNB2	ENST00000303210.4	No	GBM4-I1	2813441	p.D254N	c.760G>A	Central nervous system	Brain	NS	Glioma	Astrocytoma Grade IV	Glioblastoma multiforme	28263318	-	Confirmed Somatic	Tumour Sample	Unknown	7:100276081..100276081
GNB2	ENST00000303210.4	No	TCGA-CG-5723-01	2198149	p.D254N	c.760G>A	Stomach	NS	NS	Carcinoma	Adenocarcinoma	NS	-	541	Confirmed Somatic	Unknown	Unknown	7:100276081..100276081
GNB2	ENST00000303210.4	No	T302124	2658335	p.A257=	c.771C>T	Large intestine	NS	NS	Carcinoma	Adenocarcinoma	NS	27149842	-	Confirmed Somatic	Unknown	Unknown	7:100276092..100276092
GNB2	ENST00000303210.4	No	TCGA-G4-6320-01	1651332	p.D258N	c.772G>A	Large intestine	Colon	Ascending	Carcinoma	Adenocarcinoma	NS	-	376	Confirmed Somatic	Unknown	Unknown	7:100276093..100276093
GNB2	ENST00000303210.4	No	SNU-C4	2302011	p.Q259=	c.777G>A	Large intestine	NS	NS	Carcinoma	Adenocarcinoma	NS	24755471	-	Variant of unknown origin	Cultured	Heterozygous	7:100276098..100276098
GNB2	ENST00000303210.4	No	MBC_145	2662643	p.L261=	c.783C>A	Breast	NS	NS	Carcinoma	ER-PR-positive carcinoma	NS	28027327	-	Confirmed Somatic	Tumour Sample	Unknown	7:100276104..100276104
GNB2	ENST00000303210.4	No	BC50-tumour	2668148	p.L261=	c.783C>A	Breast	NS	NS	Carcinoma	NS	NS	27535334	-	Confirmed Somatic	Tumour Sample	Heterozygous	7:100276104..100276104
GNB2	ENST00000303210.4	No	TCGA-ER-A1A1-06	2121729	p.L262I	c.784C>A	Skin	NS	NS	Malignant melanoma	NS	NS	-	540	Confirmed Somatic	Unknown	Unknown	7:100276105..100276105
GNB2	ENST00000303210.4	No	AOCS-078-1-9	2196296	p.Y264F	c.791A>T	Ovary	NS	NS	Carcinoma	Mixed adenosquamous carcinoma	NS	-	585	Confirmed Somatic	Unknown	Unknown	7:100276112..100276112
GNB2	ENST00000303210.4	No	TCGA-BA-A6DA-01	2193480	p.N268I	c.803A>T	Upper aerodigestive tract	Head neck	NS	Carcinoma	Squamous cell carcinoma	NS	-	627	Confirmed Somatic	Unknown	Unknown	7:100276124..100276124
GNB2	ENST00000303210.4	No	TCGA-YY-A8LH-01	2263121	p.N268I	c.803A>T	Pancreas	NS	NS	Carcinoma	Ductal carcinoma	NS	-	629	Confirmed Somatic	Tumour Sample	Unknown	7:100276124..100276124
GNB2	ENST00000303210.4	No	TCGA-AX-A06F-01	2198328	p.I270=	c.810C>A	Endometrium	NS	NS	Carcinoma	Endometrioid carcinoma	NS	-	419	Confirmed Somatic	Unknown	Unknown	7:100276131..100276131
GNB2	ENST00000303210.4	No	TCGA-CV-7252-01	2193523	p.F278=	c.834C>T	Upper aerodigestive tract	Head neck	NS	Carcinoma	Squamous cell carcinoma	NS	-	627	Confirmed Somatic	Unknown	Unknown	7:100276155..100276155
GNB2	ENST00000303210.4	No	TCGA-HU-8238-01	2198001	p.S279L	c.836C>T	Stomach	NS	NS	Carcinoma	Adenocarcinoma	NS	-	541	Confirmed Somatic	Unknown	Unknown	7:100276157..100276157
GNB2	ENST00000303210.4	No	2785969	2785969	p.S279=	c.837G>A	Stomach	NS	NS	Adenoma	NS	NS	27175599	-	Confirmed Somatic	Tumour Sample	Unknown	7:100276158..100276158
GNB2	ENST00000303210.4	No	TCGA-BR-8361-01	2197909	p.S279=	c.837G>A	Stomach	NS	NS	Carcinoma	Adenocarcinoma	NS	-	541	Confirmed Somatic	Unknown	Unknown	7:100276158..100276158
GNB2	ENST00000303210.4	No	2785971	2785971	p.S279=	c.837G>A	Stomach	NS	NS	Adenoma	NS	NS	27175599	-	Confirmed Somatic	Tumour Sample	Unknown	7:100276158..100276158
GNB2	ENST00000303210.4	No	2785970	2785970	p.S279=	c.837G>A	Stomach	NS	NS	Adenoma	NS	NS	27175599	-	Confirmed Somatic	Tumour Sample	Unknown	7:100276158..100276158
GNB2	ENST00000303210.4	No	STC10GC	2935483	p.R280C	c.838C>T	Stomach	NS	NS	Carcinoma	Intestinal adenocarcinoma	NS	29945994	-	Confirmed Somatic	Tumour Sample	Unknown	7:100276159..100276159
GNB2	ENST00000303210.4	No	TCGA-CK-4951-01	2193432	p.S281=	c.843C>T	Large intestine	Colon	NS	Carcinoma	Adenocarcinoma	NS	-	376	Confirmed Somatic	Unknown	Unknown	7:100276164..100276164
GNB2	ENST00000303210.4	No	APGI-AMP-3813	2866057	p.G282R	c.844G>A	Pancreas	Ampulla of Vater	NS	Carcinoma	Ductal carcinoma	NS	26804919	-	Confirmed Somatic	Tumour Sample	Unknown	7:100276165..100276165
GNB2	ENST00000303210.4	No	T3080	2296170	p.R283Q	c.848G>A	Large intestine	Colon	Transverse	Carcinoma	Adenocarcinoma	NS	25344691	-	Confirmed Somatic	Unknown	Unknown	7:100276169..100276169
GNB2	ENST00000303210.4	No	sysucc-1317T	2456722	p.R283Q	c.848G>A	Large intestine	NS	NS	Carcinoma	Adenocarcinoma	NS	-	646	Confirmed Somatic	Tumour Sample	Unknown	7:100276169..100276169
GNB2	ENST00000303210.4	No	T3080	2658253	p.R283Q	c.848G>A	Large intestine	NS	NS	Carcinoma	Adenocarcinoma	NS	27149842	-	Confirmed Somatic	Unknown	Unknown	7:100276169..100276169
GNB2	ENST00000303210.4	No	TCGA-BR-7851-01	2198108	p.R283=	c.849G>A	Stomach	NS	NS	Carcinoma	Adenocarcinoma	NS	-	541	Confirmed Somatic	Unknown	Unknown	7:100276170..100276170
GNB2	ENST00000303210.4	No	RKO	2302003	p.L285=	c.853C>T	Large intestine	NS	NS	Carcinoma	Adenocarcinoma	NS	24755471	-	Variant of unknown origin	Cultured	Heterozygous	7:100276174..100276174
GNB2	ENST00000303210.4	No	2014_Lung_sq_50_T	2744921	p.L286=	c.858C>T	Lung	NS	NS	Carcinoma	NS	NS	-	583	Confirmed Somatic	Tumour Sample	Unknown	7:100276179..100276179
GNB2	ENST00000303210.4	No	CHG-13-09089T	2634309	p.A287S	c.859G>T	Liver	NS	NS	Other	Neoplasm	NS	-	660	Confirmed Somatic	Tumour Sample	Unknown	7:100276180..100276180
GNB2	ENST00000303210.4	No	S00838_1	2480825	p.Y289C	c.866A>G	Lung	NS	NS	Carcinoma	Small cell carcinoma	NS	26168399	-	Confirmed Somatic	Tumour Sample	Unknown	7:100276187..100276187
GNB2	ENST00000303210.4	No	T68	2658261	p.D290N	c.868G>A	Large intestine	NS	NS	Carcinoma	Adenocarcinoma	NS	27149842	-	Confirmed Somatic	Unknown	Unknown	7:100276189..100276189
GNB2	ENST00000303210.4	No	5-VS017-T2	2869838	p.D290=	c.870C>T	Skin	NS	NS	Carcinoma	Basal cell carcinoma	NS	26950094	-	Confirmed Somatic	Tumour Sample	Unknown	7:100276191..100276191
GNB2	ENST00000303210.4	No	TCGA-EB-A299-01	2121587	p.W297L	c.890G>T	Skin	NS	NS	Malignant melanoma	NS	NS	-	540	Confirmed Somatic	Unknown	Unknown	7:100276211..100276211
GNB2	ENST00000303210.4	No	TCGA-FS-A1ZR-06	2121767	p.W297L	c.890G>T	Skin	NS	NS	Malignant melanoma	NS	NS	-	540	Confirmed Somatic	Unknown	Unknown	7:100276211..100276211
GNB2	ENST00000303210.4	No	OSCC-GB_01250111	2385626	p.D298G	c.893A>G	Upper aerodigestive tract	Mouth	NS	Carcinoma	NS	NS	-	539	Confirmed Somatic	Tumour Sample	Unknown	7:100276214..100276214
GNB2	ENST00000303210.4	No	TCGA-AX-A2HD-01	2198411	p.G302=	c.906C>T	Endometrium	NS	NS	Carcinoma	Endometrioid carcinoma	NS	-	419	Confirmed Somatic	Unknown	Unknown	7:100276227..100276227
GNB2	ENST00000303210.4	No	OSCC-GB_01090111	2340762	p.D303N	c.907G>A	Upper aerodigestive tract	Mouth	NS	Carcinoma	NS	NS	-	539	Confirmed Somatic	Tumour Sample	Unknown	7:100276228..100276228
GNB2	ENST00000303210.4	No	TCGA-A6-5661-01	1650944	p.D303=	c.909C>T	Large intestine	Colon	Ascending	Carcinoma	Adenocarcinoma	NS	-	376	Confirmed Somatic	Unknown	Unknown	7:100276230..100276230
GNB2	ENST00000303210.4	No	TCGA-DB-A4XE-01	2194134	p.R304S	c.910C>A	Central nervous system	Brain	NS	Glioma	NS	NS	-	545	Confirmed Somatic	Unknown	Unknown	7:100276231..100276231
GNB2	ENST00000303210.4	No	S01581	2864361	p.V307=	c.921C>T	Lung	NS	NS	Carcinoma	Large cell neuroendocrine carcinoma	NS	29535388	-	Confirmed Somatic	Tumour Sample	Unknown	7:100276322..100276322
GNB2	ENST00000303210.4	No	TCGA-C8-A26W-01	1900029	p.L308F	c.922C>T	Breast	NS	NS	Carcinoma	NS	NS	-	414	Confirmed Somatic	Tumour Sample	Unknown	7:100276323..100276323
GNB2	ENST00000303210.4	No	TCGA-CV-7415-01	2193746	p.L308I	c.922C>A	Upper aerodigestive tract	Head neck	NS	Carcinoma	Squamous cell carcinoma	NS	-	627	Confirmed Somatic	Unknown	Unknown	7:100276323..100276323
GNB2	ENST00000303210.4	No	sysucc-1163T	2456717	p.H311=	c.933C>T	Large intestine	NS	NS	Carcinoma	Adenocarcinoma	NS	-	646	Confirmed Somatic	Tumour Sample	Unknown	7:100276334..100276334
GNB2	ENST00000303210.4	No	T437	2658471	p.D312N	c.934G>A	Large intestine	NS	NS	Carcinoma	Adenocarcinoma	NS	27149842	-	Confirmed Somatic	Unknown	Unknown	7:100276335..100276335
GNB2	ENST00000303210.4	No	CC-UT-166T	2856949	p.D312N	c.934G>A	Kidney	NS	NS	Carcinoma	Clear cell renal cell carcinoma	NS	32271170	-	Confirmed Somatic	Tumour Sample	Unknown	7:100276335..100276335
GNB2	ENST00000303210.4	No	TCGA-D3-A2JP-06	2121524	p.R314S	c.940C>A	Skin	NS	NS	Malignant melanoma	NS	NS	-	540	Confirmed Somatic	Unknown	Unknown	7:100276341..100276341
GNB2	ENST00000303210.4	No	TCGA-AX-A2HD-01	2198411	p.C317=	c.951C>T	Endometrium	NS	NS	Carcinoma	Endometrioid carcinoma	NS	-	419	Confirmed Somatic	Unknown	Unknown	7:100276352..100276352
GNB2	ENST00000303210.4	No	TCGA-DM-A1DB-01	1651283	p.G319R	c.955G>A	Large intestine	Colon	Sigmoid	Carcinoma	Adenocarcinoma	NS	-	376	Confirmed Somatic	Unknown	Unknown	7:100276356..100276356
GNB2	ENST00000303210.4	No	TCGA-EB-A5UM-01	2121616	p.G319E	c.956G>A	Skin	NS	NS	Malignant melanoma	NS	NS	-	540	Confirmed Somatic	Unknown	Unknown	7:100276357..100276357
GNB2	ENST00000303210.4	No	TCGA-EB-A5UM-01	2121616	p.G319=	c.957G>A	Skin	NS	NS	Malignant melanoma	NS	NS	-	540	Confirmed Somatic	Unknown	Unknown	7:100276358..100276358
GNB2	ENST00000303210.4	No	2857109	2857109	p.V320=	c.960C>T	Urinary tract	Bladder	NS	Carcinoma	Transitional cell carcinoma	NS	25096233	-	Confirmed Somatic	Tumour Sample	Unknown	7:100276361..100276361
GNB2	ENST00000303210.4	No	BRCA-05246_CCPM_0300504-Tumor-SM-E765N	2857605	p.V320=	c.960C>G	Breast	NS	NS	Carcinoma	ER-positive carcinoma	NS	30531871	-	Confirmed Somatic	Tumour Sample	Unknown	7:100276361..100276361
GNB2	ENST00000303210.4	No	TCGA-CR-7388-01	2193549	p.D322N	c.964G>A	Upper aerodigestive tract	Head neck	NS	Carcinoma	Squamous cell carcinoma	NS	-	627	Confirmed Somatic	Unknown	Unknown	7:100276365..100276365
GNB2	ENST00000303210.4	No	TCGA-FU-A3HZ-01	2193398	p.D322N	c.964G>A	Cervix	NS	NS	Carcinoma	Squamous cell carcinoma	NS	-	415	Confirmed Somatic	Unknown	Unknown	7:100276365..100276365
GNB2	ENST00000303210.4	No	GCYC_067_T	2747650	p.D322=	c.966C>T	Stomach	NS	NS	Carcinoma	NS	NS	-	683	Confirmed Somatic	Tumour Sample	Unknown	7:100276367..100276367
GNB2	ENST00000303210.4	No	TCGA-25-1323-01	2196456	p.D323E	c.969T>G	Ovary	NS	NS	Carcinoma	Serous carcinoma	NS	21720365	331	Confirmed Somatic	Unknown	Unknown	7:100276370..100276370
GNB2	ENST00000303210.4	No	TCGA-FS-A1ZP-06	2121765	p.T329=	c.987G>T	Skin	NS	NS	Malignant melanoma	NS	NS	-	540	Confirmed Somatic	Unknown	Unknown	7:100276388..100276388
GNB2	ENST00000303210.4	No	HX4T	1919263	p.G330D	c.989G>A	Liver	NS	NS	Carcinoma	NS	NS	-	323	Variant of unknown origin	Tumour Sample	Heterozygous	7:100276390..100276390
GNB2	ENST00000303210.4	No	CN-AML-CR-10-Dx	2340741	p.D333A	c.998A>C	Haematopoietic and lymphoid	NS	NS	Haematopoietic neoplasm	Acute myeloid leukaemia	NS	-	544	Confirmed Somatic	Tumour Sample	Unknown	7:100276399..100276399
GNB2	ENST00000303210.4	No	EXTERN_MELA_20140526_055	2839353	p.S334=	c.1002C>T	Skin	Shoulder	NS	Malignant melanoma	NS	NS	28467829	-	Confirmed Somatic	Tumour Sample	Unknown	7:100276403..100276403
GNB2	ENST00000303210.4	No	CHG-100T	2634282	p.W339C	c.1017G>T	Liver	NS	NS	Other	Neoplasm	NS	-	660	Confirmed Somatic	Tumour Sample	Unknown	7:100276418..100276418
