Chrom_pos	mut_ref1	mut_ref2	Ref	Alt1	Alt2	Mut_type1	Mut_type2	Node1	Node2	Type	Class	Sample_ID	lesion_node	lesion_timing	lesion_repair_node	lesion_repair_timing	lesion_duration	no_of_cell_divisions	base_order	MAV_is_PVV	colonies_per_negative_subclade	depth_per_negative_subclade
1-164050245	1-164050245-T-C	NA	T	C	T	SNV	No_mut	366	NA	PVV	NA	PX001_1_01	366	1764	367	1987	223	3	C-C-T	NA	1	10
1-192226043	1-192226043-G-C	NA	G	C	G	SNV	No_mut	265	NA	PVV	NA	PX001_1_01	NA	NA	NA	NA	NA	NA	NA	NA	NA	NA
1-32201632	1-32201632-C-T	NA	C	T	C	SNV	No_mut	345	NA	PVV	NA	PX001_1_01	345	33	346	334	301	3	T-T-C	NA	1	13
1-34307973	1-34307973-T-A	NA	T	A	T	SNV	No_mut	316	NA	PVV	NA	PX001_1_01	316	1322	317	1947	625	3	A-T-A	NA	5	73
1-49595110	1-49595110-T-A	NA	T	A	T	SNV	No_mut	318	NA	PVV	NA	PX001_1_01	316	1322	317	1947	625	3	A-A-T	NA	12	134
10-114608198	10-114608198-A-T	NA	A	T	A	SNV	No_mut	316	NA	PVV	NA	PX001_1_01	316	1322	317	1947	625	3	T-A-T	NA	5	81
10-58766769	10-58766769-T-A	NA	T	A	T	SNV	No_mut	316	NA	PVV	NA	PX001_1_01	316	1322	317	1947	625	3	A-T-A	NA	5	68
10-63268578	10-63268578-G-C	NA	G	C	G	SNV	No_mut	366	NA	PVV	NA	PX001_1_01	366	1764	367	1987	223	3	C-C-G	NA	1	10
11-11789882	11-11789882-T-A	NA	T	A	T	SNV	No_mut	316	NA	PVV	NA	PX001_1_01	316	1322	317	1947	625	3	A-T-A	NA	5	69
11-19978566	11-19978566-A-T	NA	A	T	A	SNV	No_mut	333	NA	PVV	NA	PX001_1_01	316	1322	317	1947	625	3	T-T-A	NA	12	168
11-23344669	11-23344669-A-T	NA	A	T	A	SNV	No_mut	316	NA	PVV	NA	PX001_1_01	316	1322	322	2428	1106	4	T-A-T-A	NA	5,1	65,13
11-45797350	11-45797350-A-G	NA	A	G	A	SNV	No_mut	346	NA	PVV	NA	PX001_1_01	346	334	347	2196	1862	3	G-A-G	NA	1	15
11-76354670	11-76354670-T-A	NA	T	A	T	SNV	No_mut	318	NA	PVV	NA	PX001_1_01	316	1322	317	1947	625	3	A-A-T	NA	12	174
11-79931522	11-79931522-A-T	NA	A	T	A	SNV	No_mut	316	NA	PVV	NA	PX001_1_01	316	1322	322	2428	1106	4	T-A-T-A	NA	5,1	60,18
11-81573415	11-81573415-T-C	NA	T	C	T	SNV	No_mut	264	NA	PVV	NA	PX001_1_01	NA	NA	NA	NA	NA	NA	NA	NA	NA	NA
11-99370653	11-99370653-A-T	NA	A	T	A	SNV	No_mut	318	NA	PVV	NA	PX001_1_01	316	1322	317	1947	625	3	T-T-A	NA	12	145
12-121927217	12-121927217-C-T	NA	C	T	C	SNV	No_mut	265	NA	PVV	NA	PX001_1_01	NA	NA	NA	NA	NA	NA	NA	NA	NA	NA
12-33081926	12-33081926-T-A	NA	T	A	T	SNV	No_mut	316	NA	PVV	NA	PX001_1_01	316	1322	317	1947	625	3	A-T-A	NA	5	66
12-5592364	12-5592364-T-A	NA	T	A	T	SNV	No_mut	376	NA	PVV	NA	PX001_1_01	NA	NA	NA	NA	NA	NA	NA	NA	NA	NA
12-81629399	12-81629399-T-A	NA	T	A	T	SNV	No_mut	318	NA	PVV	NA	PX001_1_01	316	1322	317	1947	625	3	A-A-T	NA	12	177
12-95302009	12-95302009-T-A	NA	T	A	T	SNV	No_mut	233	NA	PVV	NA	PX001_1_01	208	1477	222	3064	1587	8	A-T-T-T-T-T-A-T	NA	6,3,4,3,7,1	98,37,44,42,86,19
13-20066475	13-20066475-G-A	NA	G	A	G	SNV	No_mut	265	NA	PVV	NA	PX001_1_01	NA	NA	NA	NA	NA	NA	NA	NA	NA	NA
13-43279506	13-43279506-T-A	NA	T	A	T	SNV	No_mut	316	NA	PVV	NA	PX001_1_01	316	1322	317	1947	625	3	A-T-A	NA	5	78
13-53783497	13-53783497-A-T	NA	A	T	A	SNV	No_mut	346	NA	PVV	NA	PX001_1_01	346	334	347	2196	1862	3	T-A-T	NA	1	17
13-94040682	13-94040682-T-A	NA	T	A	T	SNV	No_mut	318	NA	PVV	NA	PX001_1_01	316	1322	317	1947	625	3	A-A-T	NA	12	149
14-74839195	14-74839195-C-T	NA	C	T	C	SNV	No_mut	216	NA	PVV	NA	PX001_1_01	216	2989	219	3015	26	3	T-T-C	NA	3	52
14-95175651	14-95175651-T-A	NA	T	A	T	SNV	No_mut	318	NA	PVV	NA	PX001_1_01	316	1322	317	1947	625	3	A-A-T	NA	12	188
15-38908655	15-38908655-A-C	NA	A	C	A	SNV	No_mut	333	NA	PVV	NA	PX001_1_01	316	1322	317	1947	625	3	C-C-A	NA	12	189
15-75367481	15-75367481-A-T	NA	A	T	A	SNV	No_mut	300	NA	PVV	NA	PX001_1_01	NA	NA	NA	NA	NA	NA	NA	NA	NA	NA
15-95699954	15-95699954-G-A	NA	G	A	G	SNV	No_mut	215	NA	PVV	NA	PX001_1_01	215	2951	216	2989	38	3	A-G-A	NA	3	32
16-13074830	16-13074830-A-G	NA	A	G	A	SNV	No_mut	262	NA	PVV	NA	PX001_1_01	NA	NA	NA	NA	NA	NA	NA	NA	NA	NA
16-56085426	16-56085426-A-T	NA	A	T	A	SNV	No_mut	316	NA	PVV	NA	PX001_1_01	316	1322	317	1947	625	3	T-A-T	NA	5	79
17-58740698	17-58740698-A-T	NA	A	T	A	SNV	No_mut	316	NA	PVV	NA	PX001_1_01	NA	NA	NA	NA	NA	NA	NA	NA	NA	NA
17-69119178	17-69119178-A-T	NA	A	T	A	SNV	No_mut	322	NA	PVV	NA	PX001_1_01	316	1322	317	1947	625	3	T-A-T	NA	5	70
17-70457831	17-70457831-A-T	NA	A	T	A	SNV	No_mut	316	NA	PVV	NA	PX001_1_01	316	1322	317	1947	625	3	T-A-T	NA	5	78
18-13413609	18-13413609-G-A	NA	G	A	G	SNV	No_mut	264	NA	PVV	NA	PX001_1_01	NA	NA	NA	NA	NA	NA	NA	NA	NA	NA
18-22011310	18-22011310-G-A	NA	G	A	G	SNV	No_mut	261	NA	PVV	NA	PX001_1_01	NA	NA	NA	NA	NA	NA	NA	NA	NA	NA
18-2835339	18-2835339-A-G	NA	A	G	A	SNV	No_mut	265	NA	PVV	NA	PX001_1_01	NA	NA	NA	NA	NA	NA	NA	NA	NA	NA
18-77634431	18-77634431-T-A	NA	T	A	T	SNV	No_mut	209	NA	PVV	NA	PX001_1_01	209	2632	228	2743	111	3	A-T-A	NA	4	97
19-21458075	19-21458075-T-A	NA	T	A	T	SNV	No_mut	316	NA	PVV	NA	PX001_1_01	316	1322	317	1947	625	3	A-A-T	NA	12	160
19-6708701	19-6708701-T-A	NA	T	A	T	SNV	No_mut	316	NA	PVV	NA	PX001_1_01	316	1322	317	1947	625	3	A-T-A	NA	5	58
2-190222429	2-190222429-C-T	NA	C	T	C	SNV	No_mut	209	NA	PVV	NA	PX001_1_01	209	2632	210	2763	131	3	T-T-C	NA	3	42
2-34131647	2-34131647-T-A	NA	T	A	T	SNV	No_mut	333	NA	PVV	NA	PX001_1_01	316	1322	317	1947	625	3	A-A-T	NA	12	142
20-44789478	20-44789478-A-T	NA	A	T	A	SNV	No_mut	316	NA	PVV	NA	PX001_1_01	316	1322	317	1947	625	3	T-T-A	NA	12	160
21-17010419	21-17010419-T-A	NA	T	A	T	SNV	No_mut	316	NA	PVV	NA	PX001_1_01	316	1322	317	1947	625	3	A-T-A	NA	5	73
21-20457681	21-20457681-G-A	NA	G	A	G	SNV	No_mut	254	NA	PVV	NA	PX001_1_01	NA	NA	NA	NA	NA	NA	NA	NA	NA	NA
21-26572102	21-26572102-T-A	NA	T	A	T	SNV	No_mut	288	NA	PVV	NA	PX001_1_01	288	1314	289	2526	1212	3	A-T-A	NA	1	17
21-35676557	21-35676557-A-T	NA	A	T	A	SNV	No_mut	318	NA	PVV	NA	PX001_1_01	316	1322	317	1947	625	3	T-T-A	NA	12	174
3-188998916	3-188998916-A-T	NA	A	T	A	SNV	No_mut	209	NA	PVV	NA	PX001_1_01	209	2632	210	2763	131	3	T-T-A	NA	3	51
3-66884348	3-66884348-T-A	NA	T	A	T	SNV	No_mut	316	NA	PVV	NA	PX001_1_01	316	1322	317	1947	625	3	A-T-A	NA	5	74
4-135821490	4-135821490-T-A	NA	T	A	T	SNV	No_mut	316	NA	PVV	NA	PX001_1_01	316	1322	317	1947	625	3	A-T-A	NA	5	67
4-137446537	4-137446537-T-A	NA	T	A	T	SNV	No_mut	316	NA	PVV	NA	PX001_1_01	316	1322	317	1947	625	3	A-T-A	NA	5	75
4-150950745	4-150950745-A-G	NA	A	G	A	SNV	No_mut	346	NA	PVV	NA	PX001_1_01	346	334	347	2196	1862	3	G-A-G	NA	1	12
4-20726095	4-20726095-C-T	NA	C	T	C	SNV	No_mut	261	NA	PVV	NA	PX001_1_01	NA	NA	NA	NA	NA	NA	NA	NA	NA	NA
4-34739685	4-34739685-T-A	NA	T	A	T	SNV	No_mut	316	NA	PVV	NA	PX001_1_01	316	1322	317	1947	625	3	A-T-A	NA	5	68
4-89588123	4-89588123-C-T	NA	C	T	C	SNV	No_mut	360	NA	PVV	NA	PX001_1_01	NA	NA	NA	NA	NA	NA	NA	NA	NA	NA
5-116822742	5-116822742-T-A	NA	T	A	T	SNV	No_mut	318	NA	PVV	NA	PX001_1_01	316	1322	317	1947	625	3	A-A-T	NA	12	131
5-120200706	5-120200706-C-T	NA	C	T	C	SNV	No_mut	317	NA	PVV	NA	PX001_1_01	317	1947	318	2442	495	3	T-T-C	NA	2	51
5-161486009	5-161486009-T-A	NA	T	A	T	SNV	No_mut	252	NA	PVV	NA	PX001_1_01	250	156	251	1394	1238	3	A-T-A	NA	1	15
5-162720842	5-162720842-T-A	NA	T	A	T	SNV	No_mut	333	NA	PVV	NA	PX001_1_01	316	1322	317	1947	625	3	A-A-T	NA	12	142
5-18861559	5-18861559-T-A	NA	T	A	T	SNV	No_mut	316	NA	PVV	NA	PX001_1_01	316	1322	317	1947	625	3	A-T-A	NA	5	57
5-22778860	5-22778860-A-T	NA	A	T	A	SNV	No_mut	228	NA	PVV	NA	PX001_1_01	209	2632	226	2806	174	4	T-A-T-A	NA	16,1	206,11
5-32348652	5-32348652-T-A	NA	T	A	T	SNV	No_mut	333	NA	PVV	NA	PX001_1_01	316	1322	318	2442	1120	4	A-T-T-A	NA	12,3	208,48
5-5758751	5-5758751-T-A	NA	T	A	T	SNV	No_mut	316	NA	PVV	NA	PX001_1_01	316	1322	317	1947	625	3	A-T-A	NA	5	71
6-102086719	6-102086719-A-T	NA	A	T	A	SNV	No_mut	321	NA	PVV	NA	PX001_1_01	316	1322	318	2442	1120	4	T-A-A-T	NA	12,3	139,37
6-11955143	6-11955143-A-G	NA	A	G	A	SNV	No_mut	265	NA	PVV	NA	PX001_1_01	NA	NA	NA	NA	NA	NA	NA	NA	NA	NA
6-6470257	6-6470257-T-A	NA	T	A	T	SNV	No_mut	318	NA	PVV	NA	PX001_1_01	316	1322	317	1947	625	3	A-A-T	NA	12	181
6-86880684	6-86880684-A-T	NA	A	T	A	SNV	No_mut	333	NA	PVV	NA	PX001_1_01	316	1322	317	1947	625	3	T-T-A	NA	12	173
6-97062065	6-97062065-C-T	NA	C	T	C	SNV	No_mut	322	NA	PVV	NA	PX001_1_01	NA	NA	NA	NA	NA	NA	NA	NA	NA	NA
6-9883612	6-9883612-A-T	NA	A	T	A	SNV	No_mut	333	NA	PVV	NA	PX001_1_01	316	1322	317	1947	625	3	T-T-A	NA	12	162
7-115844682	7-115844682-C-T	NA	C	T	C	SNV	No_mut	346	NA	PVV	NA	PX001_1_01	346	334	347	2196	1862	3	T-C-T	NA	1	11
7-142867295	7-142867295-G-C	NA	G	C	G	SNV	No_mut	263	NA	PVV	NA	PX001_1_01	NA	NA	NA	NA	NA	NA	NA	NA	NA	NA
7-19103537	7-19103537-T-A	NA	T	A	T	SNV	No_mut	316	NA	PVV	NA	PX001_1_01	316	1322	317	1947	625	3	A-A-T	NA	12	76
7-34765751	7-34765751-T-A	NA	T	A	T	SNV	No_mut	318	NA	PVV	NA	PX001_1_01	316	1322	317	1947	625	3	A-A-T	NA	12	157
7-6028046	7-6028046-G-C	NA	G	C	G	SNV	No_mut	366	NA	PVV	NA	PX001_1_01	366	1764	367	1987	223	3	C-C-G	NA	1	13
8-120383054	8-120383054-T-A	NA	T	A	T	SNV	No_mut	318	NA	PVV	NA	PX001_1_01	316	1322	317	1947	625	3	A-A-T	NA	12	160
8-12574527	8-12574527-A-G	NA	A	G	A	SNV	No_mut	325	NA	PVV	NA	PX001_1_01	NA	NA	NA	NA	NA	NA	NA	NA	NA	NA
8-3464916	8-3464916-G-A	NA	G	A	G	SNV	No_mut	232	NA	PVV	NA	PX001_1_01	NA	NA	NA	NA	NA	NA	NA	NA	NA	NA
8-97498064	8-97498064-C-T	NA	C	T	C	SNV	No_mut	366	NA	PVV	NA	PX001_1_01	366	1764	367	1987	223	3	T-T-C	NA	1	10
9-110078741	9-110078741-C-T	NA	C	T	C	SNV	No_mut	318	NA	PVV	NA	PX001_1_01	318	2442	320	2681	239	4	T-T-C-T	NA	1	14
9-11821118	9-11821118-A-T	NA	A	T	A	SNV	No_mut	318	NA	PVV	NA	PX001_1_01	316	1322	317	1947	625	3	T-T-A	NA	12	143
9-12066074	9-12066074-A-T	NA	A	T	A	SNV	No_mut	318	NA	PVV	NA	PX001_1_01	NA	NA	NA	NA	NA	NA	NA	NA	NA	NA
9-122360480	9-122360480-T-A	NA	T	A	T	SNV	No_mut	248	NA	PVV	NA	PX001_1_01	NA	NA	NA	NA	NA	NA	NA	NA	NA	NA
9-12511095	9-12511095-T-C	NA	T	C	T	SNV	No_mut	317	NA	PVV	NA	PX001_1_01	NA	NA	NA	NA	NA	NA	NA	NA	NA	NA
9-138180760	9-138180760-T-A	NA	T	A	T	SNV	No_mut	317	NA	PVV	NA	PX001_1_01	317	1947	320	2681	734	5	A-A-A-T-A	NA	1	18
9-139975205	9-139975205-G-A	NA	G	A	G	SNV	No_mut	318	NA	PVV	NA	PX001_1_01	318	2442	319	2609	167	3	A-G-A	NA	2	32
9-91432902	9-91432902-G-A	NA	G	A	G	SNV	No_mut	319	NA	PVV	NA	PX001_1_01	319	2609	320	2681	72	3	A-G-A	NA	1	15
9-97030251	9-97030251-G-A	NA	G	A	G	SNV	No_mut	318	NA	PVV	NA	PX001_1_01	318	2442	320	2681	239	4	A-A-G-A	NA	1	15
X-106673650	X-106673650-T-C	NA	T	C	T	SNV	No_mut	346	NA	PVV	NA	PX001_1_01	346	334	347	2196	1862	3	C-T-C	NA	1	20
X-113918192	X-113918192-G-A	NA	G	A	G	SNV	No_mut	346	NA	PVV	NA	PX001_1_01	346	334	347	2196	1862	3	A-G-A	NA	1	18
X-142246214	X-142246214-T-A	NA	T	A	T	SNV	No_mut	366	NA	PVV	NA	PX001_1_01	366	1764	367	1987	223	3	A-A-T	NA	1	12
X-14789852	X-14789852-T-A	NA	T	A	T	SNV	No_mut	316	NA	PVV	NA	PX001_1_01	316	1322	317	1947	625	3	A-T-A	NA	5	73
X-34636891	X-34636891-T-A	NA	T	A	T	SNV	No_mut	316	NA	PVV	NA	PX001_1_01	316	1322	317	1947	625	3	A-T-A	NA	5	71
X-38919541	X-38919541-T-A	NA	T	A	T	SNV	No_mut	316	NA	PVV	NA	PX001_1_01	316	1322	317	1947	625	3	A-T-A	NA	5	72
X-65510606	X-65510606-T-A	NA	T	A	T	SNV	No_mut	318	NA	PVV	NA	PX001_1_01	316	1322	317	1947	625	3	A-A-T	NA	12	120
10-83021822	10-83021822-CT-C	NA	CT	C	CT	INDEL	No_mut	322	NA	PVV	NA	PX001_1_01	322	2428	324	2500	72	4	Mut-Mut-Ref-Mut	NA	4	79
11-30722768	11-30722768-TA-T	NA	TA	T	TA	INDEL	No_mut	333	NA	PVV	NA	PX001_1_01	316	1322	317	1947	625	3	Mut-Mut-Ref	NA	12	155
11-80098292	11-80098292-CT-C	NA	CT	C	CT	INDEL	No_mut	316	NA	PVV	NA	PX001_1_01	316	1322	317	1947	625	3	Mut-Ref-Mut	NA	5	91
12-100888097	12-100888097-CA-C	NA	CA	C	CA	INDEL	No_mut	251	NA	PVV	NA	PX001_1_01	251	1394	253	2868	1474	4	Mut-Ref-Mut-Ref	NA	1,1	14,30
12-17327549	12-17327549-CT-C	NA	CT	C	CT	INDEL	No_mut	346	NA	PVV	NA	PX001_1_01	346	334	347	2196	1862	3	Mut-Ref-Mut	NA	1	10
12-28147051	12-28147051-CT-C	NA	CT	C	CT	INDEL	No_mut	316	NA	PVV	NA	PX001_1_01	316	1322	317	1947	625	3	Mut-Ref-Mut	NA	5	90
12-43119515	12-43119515-CT-C	NA	CT	C	CT	INDEL	No_mut	316	NA	PVV	NA	PX001_1_01	316	1322	317	1947	625	3	Mut-Ref-Mut	NA	5	100
13-112811900	13-112811900-CT-C	NA	CT	C	CT	INDEL	No_mut	333	NA	PVV	NA	PX001_1_01	333	2420	334	2446	26	3	Mut-Ref-Mut	NA	2	30
17-20654152	17-20654152-CA-C	NA	CA	C	CA	INDEL	No_mut	210	NA	PVV	NA	PX001_1_01	210	2763	211	2815	52	3	Mut-Mut-Ref	NA	4	60
17-52512879	17-52512879-TA-T	NA	TA	T	TA	INDEL	No_mut	209	NA	PVV	NA	PX001_1_01	209	2632	210	2763	131	3	Mut-Mut-Ref	NA	3	57
2-24691535	2-24691535-CT-C	NA	CT	C	CT	INDEL	No_mut	316	NA	PVV	NA	PX001_1_01	316	1322	317	1947	625	3	Mut-Ref-Mut	NA	5	75
3-157391560	3-157391560-CA-C	NA	CA	C	CA	INDEL	No_mut	233	NA	PVV	NA	PX001_1_01	NA	NA	NA	NA	NA	NA	NA	NA	NA	NA
3-35978567	3-35978567-CT-C	NA	CT	C	CT	INDEL	No_mut	316	NA	PVV	NA	PX001_1_01	316	1322	317	1947	625	3	Mut-Ref-Mut	NA	5	72
4-115738246	4-115738246-CT-C	NA	CT	C	CT	INDEL	No_mut	316	NA	PVV	NA	PX001_1_01	316	1322	317	1947	625	3	Mut-Ref-Mut	NA	5	88
4-184673861	4-184673861-CT-C	NA	CT	C	CT	INDEL	No_mut	322	NA	PVV	NA	PX001_1_01	322	2428	324	2500	72	4	Mut-Mut-Ref-Mut	NA	4	74
4-71435390	4-71435390-CT-C	NA	CT	C	CT	INDEL	No_mut	316	NA	PVV	NA	PX001_1_01	316	1322	317	1947	625	3	Mut-Ref-Mut	NA	5	56
5-4112699	5-4112699-AT-A	NA	AT	A	AT	INDEL	No_mut	333	NA	PVV	NA	PX001_1_01	316	1322	321	2582	1260	5	Mut-Ref-Mut-Ref-Mut	NA	12,1	160,16
8-50707680	8-50707680-AT-A	NA	AT	A	AT	INDEL	No_mut	318	NA	PVV	NA	PX001_1_01	317	1947	323	2475	528	4	Mut-Ref-Ref-Mut	NA	1,9	18,127
9-77865027	9-77865027-GT-G	NA	GT	G	GT	INDEL	No_mut	317	NA	PVV	NA	PX001_1_01	NA	NA	NA	NA	NA	NA	NA	NA	NA	NA
X-90782872	X-90782872-AT-A	NA	AT	A	AT	INDEL	No_mut	316	NA	PVV	NA	PX001_1_01	316	1322	317	1947	625	3	Mut-Ref-Mut	NA	5	48
1-4430462	1-4430462-A-G	1-4430462-A-T	A	G	T	SNV	SNV	56	70	MAV	FAIL	PX001_1_01	NA	NA	NA	NA	NA	NA	NA	NA	NA	NA
1-49568143	1-49568143-T-A	1-49568143-T-G	T	A	G	SNV	SNV	333	318	MAV	removed	PX001_1_01	316	1322	317	1947	625	3	A-G-T	No	12	149
1-50755044	1-50755044-CTGGGAGCTA-C	1-50755047-G-T	CTGGGAGCTA	C	CTGGAGCTAT	INDEL	SNV	32	149	MAV	FAIL	PX001_1_01	NA	NA	NA	NA	NA	NA	NA	NA	NA	NA
1-67710620	1-67710620-C-G	1-67710620-C-T	C	G	T	SNV	SNV	209	233	MAV	simple	PX001_1_01	208	1477	208	1477	0	2	G-T	No	NA	NA
1-94181681	1-94181681-A-C	1-94181681-A-T	A	C	T	SNV	SNV	184	157	MAV	FAIL	PX001_1_01	NA	NA	NA	NA	NA	NA	NA	NA	NA	NA
1-177476279	1-177476279-T-A	1-177476279-T-C	T	A	C	SNV	SNV	170	28	MAV	FAIL	PX001_1_01	NA	NA	NA	NA	NA	NA	NA	NA	NA	NA
1-215954669	1-215954669-A-G	1-215954669-A-T	A	G	T	SNV	SNV	49	252	MAV	simple	PX001_1_01	251	1394	251	1394	0	2	G-T	No	NA	NA
1-240971217	1-240971217-C-G	1-240971217-C-T	C	G	T	SNV	SNV	166	165	MAV	simple	PX001_1_01	351	1741	351	1741	0	2	G-T	No	NA	NA
1-246290627	1-246290627-T-A	1-246290627-T-C	T	A	C	SNV	SNV	32	31	MAV	simple	PX001_1_01	241	1090	241	1090	0	2	A-C	No	NA	NA
2-26751175	2-26751175-C-G	2-26751175-C-T	C	G	T	SNV	SNV	17	13	MAV	FAIL	PX001_1_01	NA	NA	NA	NA	NA	NA	NA	NA	NA	NA
2-77021847	2-77021847-A-C	2-77021847-A-T	A	C	T	SNV	SNV	72	191	MAV	FAIL	PX001_1_01	NA	NA	NA	NA	NA	NA	NA	NA	NA	NA
2-83556285	2-83556285-T-A	2-83556285-T-C	T	A	C	SNV	SNV	333	39	MAV	FAIL	PX001_1_01	NA	NA	NA	NA	NA	NA	NA	NA	NA	NA
2-104515814	2-104515814-T-A	2-104515814-T-G	T	A	G	SNV	SNV	49	252	MAV	simple	PX001_1_01	251	1394	251	1394	0	2	A-G	No	NA	NA
2-119014587	2-119014587-A-G	2-119014587-A-T	A	G	T	SNV	SNV	190	191	MAV	simple	PX001_1_01	376	1130	376	1130	0	2	G-T	No	NA	NA
2-119405881	2-119405881-T-A	2-119405881-T-G	T	A	G	SNV	SNV	48	170	MAV	FAIL	PX001_1_01	NA	NA	NA	NA	NA	NA	NA	NA	NA	NA
2-179552528	2-179552528-C-A	2-179552528-C-T	C	A	T	SNV	SNV	32	31	MAV	simple	PX001_1_01	241	1090	241	1090	0	2	A-T	No	NA	NA
2-181824547	2-181824547-T-A	2-181824547-T-C	T	A	C	SNV	SNV	251	49	MAV	removed	PX001_1_01	251	1394	251	1394	0	2	C-A	No	NA	NA
2-205222202	2-205222202-T-A	2-205222202-T-C	T	A	C	SNV	SNV	190	191	MAV	simple	PX001_1_01	376	1130	376	1130	0	2	A-C	No	NA	NA
2-227192560	2-227192560-A-C	2-227192560-A-T	A	C	T	SNV	SNV	333	317	MAV	simple	PX001_1_01	316	1322	316	1322	0	2	C-T	No	NA	NA
2-239138781	2-239138781-T-A	2-239138781-T-C	T	A	C	SNV	SNV	333	317	MAV	simple	PX001_1_01	316	1322	316	1322	0	2	A-C	No	NA	NA
3-34952652	3-34952652-A-G	3-34952652-A-T	A	G	T	SNV	SNV	33	241	MAV	simple	PX001_1_01	240	386	240	386	0	2	G-T	No	NA	NA
3-82737311	3-82737311-A-G	3-82737311-A-T	A	G	T	SNV	SNV	37	36	MAV	simple	PX001_1_01	244	1809	244	1809	0	2	G-T	No	NA	NA
3-109382758	3-109382758-T-A	3-109382758-T-G	T	A	G	SNV	SNV	126	316	MAV	removed	PX001_1_01	316	1322	318	2442	1120	4	G-G-A-T	Yes	2	30
3-115876932	3-115876932-A-G	3-115876932-A-T	A	G	T	SNV	SNV	289	99	MAV	simple	PX001_1_01	288	1314	288	1314	0	2	G-T	No	NA	NA
3-127690820	3-127690820-T-A	3-127690820-T-C	T	A	C	SNV	SNV	162	144	MAV	FAIL	PX001_1_01	NA	NA	NA	NA	NA	NA	NA	NA	NA	NA
3-144281664	3-144281664-A-C	3-144281664-A-T	A	C	T	SNV	SNV	131	179	MAV	FAIL	PX001_1_01	NA	NA	NA	NA	NA	NA	NA	NA	NA	NA
3-147020220	3-147020220-C-A	3-147020220-C-T	C	A	T	SNV	SNV	18	198	MAV	FAIL	PX001_1_01	NA	NA	NA	NA	NA	NA	NA	NA	NA	NA
3-165841199	3-165841199-T-A	3-165841199-T-C	T	A	C	SNV	SNV	151	110	MAV	FAIL	PX001_1_01	NA	NA	NA	NA	NA	NA	NA	NA	NA	NA
3-166633814	3-166633814-CT-C	3-166633815-T-A	CT	C	CA	INDEL	SNV	60	189	MAV	FAIL	PX001_1_01	NA	NA	NA	NA	NA	NA	NA	NA	NA	NA
3-175661453	3-175661453-A-C	3-175661453-A-G	A	C	G	SNV	SNV	317	333	MAV	simple	PX001_1_01	316	1322	316	1322	0	2	C-G	No	NA	NA
4-20358118	4-20358118-A-C	4-20358118-A-T	A	C	T	SNV	SNV	49	32	MAV	FAIL	PX001_1_01	NA	NA	NA	NA	NA	NA	NA	NA	NA	NA
4-21705026	4-21705026-A-C	4-21705026-A-T	A	C	T	SNV	SNV	93	164	MAV	FAIL	PX001_1_01	NA	NA	NA	NA	NA	NA	NA	NA	NA	NA
4-30228693	4-30228693-G-C	4-30228693-G-T	G	C	T	SNV	SNV	333	317	MAV	simple	PX001_1_01	316	1322	316	1322	0	2	C-T	No	NA	NA
4-32284407	4-32284407-T-A	4-32284407-T-G	T	A	G	SNV	SNV	191	190	MAV	simple	PX001_1_01	376	1130	376	1130	0	2	A-G	No	NA	NA
4-34353163	4-34353163-C-A	4-34353163-C-T	C	A	T	SNV	SNV	104	200	MAV	FAIL	PX001_1_01	NA	NA	NA	NA	NA	NA	NA	NA	NA	NA
4-57178776	4-57178776-GA-G	4-57178777-A-G	GA	G	GG	INDEL	SNV	233	27	MAV	FAIL	PX001_1_01	233	NA	NA	NA	NA	NA	NA	NA	NA	NA
4-60193292	4-60193292-A-G	4-60193292-A-T	A	G	T	SNV	SNV	86	68	MAV	FAIL	PX001_1_01	NA	NA	NA	NA	NA	NA	NA	NA	NA	NA
4-61052344	4-61052344-A-G	4-61052344-A-T	A	G	T	SNV	SNV	211	209	MAV	removed	PX001_1_01	209	2632	210	2763	131	3	T-G-T	Yes	NA	NA
4-92560480	4-92560480-A-C	4-92560480-A-T	A	C	T	SNV	SNV	322	333	MAV	removed	PX001_1_01	316	1322	317	1947	625	3	T-A-C	No	5	74
4-112493206	4-112493206-CT-C	4-112493207-T-G	CT	C	CG	INDEL	SNV	322	333	MAV	removed	PX001_1_01	316	1322	317	1947	625	3	Mut2-Ref-Mut1	No	5	85
4-162718799	4-162718799-A-C	4-162718799-A-G	A	C	G	SNV	SNV	322	316	MAV	removed	PX001_1_01	316	1322	317	1947	625	3	G-G-C	Yes	NA	NA
4-181884877	4-181884877-A-C	4-181884877-A-T	A	C	T	SNV	SNV	30	29	MAV	removed	PX001_1_01	206	26	207	27	1	3	C-A-T	No	28	373
5-4810422	5-4810422-A-C	5-4810422-A-T	A	C	T	SNV	SNV	60	351	MAV	FAIL	PX001_1_01	NA	NA	NA	NA	NA	NA	NA	NA	NA	NA
5-16009580	5-16009580-CT-C	5-16009581-T-G	CT	C	CG	INDEL	SNV	190	191	MAV	simple	PX001_1_01	376	1130	376	1130	0	2	C-CG	No	NA	NA
5-30673096	5-30673096-T-A	5-30673096-T-C	T	A	C	SNV	SNV	81	194	MAV	FAIL	PX001_1_01	NA	NA	NA	NA	NA	NA	NA	NA	NA	NA
5-70963804	5-70963804-TA-T	5-70963805-A-T	TA	T	TT	INDEL	SNV	194	167	MAV	FAIL	PX001_1_01	NA	NA	NA	NA	NA	NA	NA	NA	NA	NA
5-73350576	5-73350576-TTATTTA-T	5-73350578-A-T	TTATTTA	T	TTTTTAT	INDEL	SNV	18	115	MAV	FAIL	PX001_1_01	NA	NA	NA	NA	NA	NA	NA	NA	NA	NA
5-97593486	5-97593486-T-C	5-97593486-T-G	T	C	G	SNV	SNV	174	367	MAV	simple	PX001_1_01	366	1764	366	1764	0	2	C-G	No	NA	NA
5-104007984	5-104007984-A-G	5-104007984-A-T	A	G	T	SNV	SNV	37	36	MAV	simple	PX001_1_01	244	1809	244	1809	0	2	G-T	No	NA	NA
5-107966237	5-107966237-A-C	5-107966237-A-G	A	C	G	SNV	SNV	135	130	MAV	FAIL	PX001_1_01	NA	NA	NA	NA	NA	NA	NA	NA	NA	NA
6-22797141	6-22797141-T-C	6-22797141-T-G	T	C	G	SNV	SNV	233	209	MAV	simple	PX001_1_01	208	1477	208	1477	0	2	C-G	No	NA	NA
6-40353210	6-40353210-A-G	6-40353210-A-T	A	G	T	SNV	SNV	116	151	MAV	FAIL	PX001_1_01	NA	NA	NA	NA	NA	NA	NA	NA	NA	NA
6-81994173	6-81994173-CT-C	6-81994174-T-A	CT	C	CA	INDEL	SNV	32	68	MAV	FAIL	PX001_1_01	NA	NA	NA	NA	NA	NA	NA	NA	NA	NA
6-93465127	6-93465127-A-G	6-93465127-A-T	A	G	T	SNV	SNV	19	116	MAV	FAIL	PX001_1_01	NA	NA	NA	NA	NA	NA	NA	NA	NA	NA
6-113481448	6-113481448-T-A	6-113481448-T-C	T	A	C	SNV	SNV	27	117	MAV	FAIL	PX001_1_01	NA	NA	NA	NA	NA	NA	NA	NA	NA	NA
7-9218050	7-9218050-T-A	7-9218050-T-G	T	A	G	SNV	SNV	71	141	MAV	FAIL	PX001_1_01	NA	NA	NA	NA	NA	NA	NA	NA	NA	NA
7-35230947	7-35230947-A-C	7-35230947-A-T	A	C	T	SNV	SNV	104	45	MAV	FAIL	PX001_1_01	NA	NA	NA	NA	NA	NA	NA	NA	NA	NA
7-47874519	7-47874519-G-C	7-47874519-G-T	G	C	T	SNV	SNV	70	181	MAV	FAIL	PX001_1_01	NA	NA	NA	NA	NA	NA	NA	NA	NA	NA
7-51001752	7-51001752-CT-C	7-51001753-T-A	CT	C	CA	INDEL	SNV	334	317	MAV	removed	PX001_1_01	316	1322	316	1322	0	2	Mut2-Mut1	No	NA	NA
7-53117880	7-53117880-G-A	7-53117880-G-C	G	A	C	SNV	SNV	252	49	MAV	simple	PX001_1_01	251	1394	251	1394	0	2	A-C	No	NA	NA
7-53377987	7-53377987-A-C	7-53377987-A-T	A	C	T	SNV	SNV	99	289	MAV	simple	PX001_1_01	288	1314	288	1314	0	2	C-T	No	NA	NA
7-54981432	7-54981432-CA-C	7-54981433-A-T	CA	C	CT	INDEL	SNV	37	36	MAV	simple	PX001_1_01	244	1809	244	1809	0	2	C-CT	No	NA	NA
7-76329762	7-76329762-A-C	7-76329762-A-T	A	C	T	SNV	SNV	116	233	MAV	FAIL	PX001_1_01	NA	NA	NA	NA	NA	NA	NA	NA	NA	NA
7-115827815	7-115827815-T-A	7-115827815-T-C	T	A	C	SNV	SNV	316	322	MAV	removed	PX001_1_01	316	1322	317	1947	625	3	A-A-C	Yes	NA	NA
7-116925168	7-116925168-T-A	7-116925168-T-C	T	A	C	SNV	SNV	151	75	MAV	FAIL	PX001_1_01	NA	NA	NA	NA	NA	NA	NA	NA	NA	NA
7-141965116	7-141965116-T-C	7-141965116-T-G	T	C	G	SNV	SNV	333	317	MAV	simple	PX001_1_01	316	1322	316	1322	0	2	C-G	No	NA	NA
7-149887917	7-149887917-A-C	7-149887917-A-G	A	C	G	SNV	SNV	66	58	MAV	FAIL	PX001_1_01	NA	NA	NA	NA	NA	NA	NA	NA	NA	NA
8-27051344	8-27051344-T-C	8-27051344-T-G	T	C	G	SNV	SNV	244	109	MAV	FAIL	PX001_1_01	NA	NA	NA	NA	NA	NA	NA	NA	NA	NA
8-29273359	8-29273359-T-A	8-29273359-T-C	T	A	C	SNV	SNV	317	333	MAV	simple	PX001_1_01	316	1322	316	1322	0	2	A-C	No	NA	NA
8-56055751	8-56055751-T-A	8-56055751-T-C	T	A	C	SNV	SNV	333	317	MAV	simple	PX001_1_01	316	1322	316	1322	0	2	A-C	No	NA	NA
8-62385369	8-62385369-CT-C	8-62385370-T-A	CT	C	CA	INDEL	SNV	317	333	MAV	simple	PX001_1_01	316	1322	316	1322	0	2	C-CA	No	NA	NA
8-65190420	8-65190420-T-A	8-65190420-T-G	T	A	G	SNV	SNV	191	190	MAV	simple	PX001_1_01	376	1130	376	1130	0	2	A-G	No	NA	NA
8-70881639	8-70881639-A-G	8-70881639-A-T	A	G	T	SNV	SNV	76	181	MAV	FAIL	PX001_1_01	NA	NA	NA	NA	NA	NA	NA	NA	NA	NA
8-101134172	8-101134172-A-G	8-101134172-A-T	A	G	T	SNV	SNV	32	31	MAV	simple	PX001_1_01	241	1090	241	1090	0	2	G-T	No	NA	NA
9-2256466	9-2256466-A-G	9-2256466-A-T	A	G	T	SNV	SNV	322	333	MAV	removed	PX001_1_01	316	1322	317	1947	625	3	T-A-G	No	5	83
9-24969686	9-24969686-T-A	9-24969686-T-G	T	A	G	SNV	SNV	252	120	MAV	FAIL	PX001_1_01	NA	NA	NA	NA	NA	NA	NA	NA	NA	NA
9-34068079	9-34068079-G-C	9-34068079-G-T	G	C	T	SNV	SNV	98	85	MAV	FAIL	PX001_1_01	NA	NA	NA	NA	NA	NA	NA	NA	NA	NA
9-76801616	9-76801616-T-A	9-76801616-T-C	T	A	C	SNV	SNV	63	113	MAV	FAIL	PX001_1_01	NA	NA	NA	NA	NA	NA	NA	NA	NA	NA
9-87550029	9-87550029-T-A	9-87550029-T-C	T	A	C	SNV	SNV	165	166	MAV	simple	PX001_1_01	351	1741	351	1741	0	2	A-C	No	NA	NA
9-94683601	9-94683601-T-A	9-94683601-T-C	T	A	C	SNV	SNV	49	253	MAV	removed	PX001_1_01	251	1394	251	1394	0	2	A-C	No	NA	NA
10-23879814	10-23879814-T-A	10-23879814-T-C	T	A	C	SNV	SNV	317	333	MAV	simple	PX001_1_01	316	1322	316	1322	0	2	A-C	No	NA	NA
10-25138844	10-25138844-G-A	10-25138844-G-C	G	A	C	SNV	SNV	183	193	MAV	FAIL	PX001_1_01	NA	NA	NA	NA	NA	NA	NA	NA	NA	NA
10-36112258	10-36112258-T-A	10-36112258-T-C	T	A	C	SNV	SNV	322	16	MAV	FAIL	PX001_1_01	NA	NA	NA	NA	NA	NA	NA	NA	NA	NA
10-58020382	10-58020382-T-A	10-58020382-T-C	T	A	C	SNV	SNV	49	54	MAV	removed	PX001_1_01	251	1394	253	2868	1474	4	A-T-T-C	No	1,4	8,47
10-84057531	10-84057531-CT-C	10-84057532-T-A	CT	C	CA	INDEL	SNV	140	333	MAV	removed	PX001_1_01	316	1322	323	2475	1153	5	Mut2-Ref-Mut1-Ref-Mut1	Yes	5,9	78,131
10-95645862	10-95645862-G-A	10-95645862-G-T	G	A	T	SNV	SNV	33	241	MAV	simple	PX001_1_01	240	386	240	386	0	2	A-T	No	NA	NA
10-108436043	10-108436043-T-C	10-108436043-T-G	T	C	G	SNV	SNV	228	210	MAV	simple	PX001_1_01	209	2632	209	2632	0	2	C-G	No	NA	NA
10-131684888	10-131684888-T-C	10-131684888-T-G	T	C	G	SNV	SNV	119	79	MAV	FAIL	PX001_1_01	NA	NA	NA	NA	NA	NA	NA	NA	NA	NA
11-16667397	11-16667397-T-C	11-16667397-T-G	T	C	G	SNV	SNV	191	190	MAV	simple	PX001_1_01	376	1130	376	1130	0	2	C-G	No	NA	NA
11-25965204	11-25965204-A-C	11-25965204-A-T	A	C	T	SNV	SNV	233	232	MAV	removed	PX001_1_01	208	1477	228	2743	1266	4	C-A-A-T	No	19,4	227,56
11-26485226	11-26485226-A-T	11-26485226-AC-A	AC	TC	A	SNV	INDEL	61	101	MAV	FAIL	PX001_1_01	NA	NA	NA	NA	NA	NA	NA	NA	NA	NA
11-40581275	11-40581275-A-G	11-40581275-AT-A	AT	GT	A	SNV	INDEL	150	249	MAV	FAIL	PX001_1_01	NA	NA	NA	NA	NA	NA	NA	NA	NA	NA
11-69689098	11-69689098-C-A	11-69689098-C-T	C	A	T	SNV	SNV	233	209	MAV	simple	PX001_1_01	208	1477	208	1477	0	2	A-T	No	NA	NA
11-70849488	11-70849488-T-C	11-70849488-T-G	T	C	G	SNV	SNV	318	316	MAV	removed	PX001_1_01	316	1322	317	1947	625	3	G-C-G	Yes	NA	NA
11-106266723	11-106266723-AT-A	11-106266724-T-C	AT	A	AC	INDEL	SNV	117	47	MAV	FAIL	PX001_1_01	NA	NA	NA	NA	NA	NA	NA	NA	NA	NA
11-116322537	11-116322537-T-A	11-116322537-T-C	T	A	C	SNV	SNV	333	317	MAV	simple	PX001_1_01	316	1322	316	1322	0	2	A-C	No	NA	NA
11-128026108	11-128026108-T-A	11-128026108-T-C	T	A	C	SNV	SNV	36	37	MAV	simple	PX001_1_01	244	1809	244	1809	0	2	A-C	No	NA	NA
12-5471219	12-5471219-C-A	12-5471219-C-T	C	A	T	SNV	SNV	233	209	MAV	simple	PX001_1_01	208	1477	208	1477	0	2	A-T	No	NA	NA
12-16845819	12-16845819-A-C	12-16845819-A-T	A	C	T	SNV	SNV	37	36	MAV	simple	PX001_1_01	244	1809	244	1809	0	2	C-T	No	NA	NA
12-28243015	12-28243015-T-A	12-28243015-T-C	T	A	C	SNV	SNV	88	149	MAV	FAIL	PX001_1_01	NA	NA	NA	NA	NA	NA	NA	NA	NA	NA
12-40405260	12-40405260-A-C	12-40405260-A-G	A	C	G	SNV	SNV	144	183	MAV	FAIL	PX001_1_01	NA	NA	NA	NA	NA	NA	NA	NA	NA	NA
12-60920561	12-60920561-A-C	12-60920561-A-G	A	C	G	SNV	SNV	70	1	MAV	FAIL	PX001_1_01	NA	NA	NA	NA	NA	NA	NA	NA	NA	NA
12-126520762	12-126520762-T-A	12-126520762-T-C	T	A	C	SNV	SNV	190	191	MAV	simple	PX001_1_01	376	1130	376	1130	0	2	A-C	No	NA	NA
12-127102732	12-127102732-T-A	12-127102732-T-G	T	A	G	SNV	SNV	190	191	MAV	simple	PX001_1_01	376	1130	376	1130	0	2	A-G	No	NA	NA
13-65039729	13-65039729-T-G	13-65039729-TATCAGTGAACATTCTCAG-T	TATCAGTGAACATTCTCAG	GATCAGTGAACATTCTCAG	T	SNV	INDEL	177	179	MAV	removed	PX001_1_01	369	42	370	183	141	3	Mut2-Mut1-Ref	No	1	10
13-76476840	13-76476840-CA-C	13-76476841-A-T	CA	C	CT	INDEL	SNV	252	49	MAV	simple	PX001_1_01	251	1394	251	1394	0	2	C-CT	No	NA	NA
13-88289383	13-88289383-TA-T	13-88289384-A-T	TA	T	TT	INDEL	SNV	197	87	MAV	FAIL	PX001_1_01	NA	NA	NA	NA	NA	NA	NA	NA	NA	NA
13-89320481	13-89320481-A-G	13-89320481-A-T	A	G	T	SNV	SNV	99	290	MAV	removed	PX001_1_01	288	1314	288	1314	0	2	T-G	No	NA	NA
13-93095722	13-93095722-A-G	13-93095722-A-T	A	G	T	SNV	SNV	123	87	MAV	FAIL	PX001_1_01	NA	NA	NA	NA	NA	NA	NA	NA	NA	NA
15-25109826	15-25109826-A-G	15-25109826-A-T	A	G	T	SNV	SNV	99	56	MAV	FAIL	PX001_1_01	NA	NA	NA	NA	NA	NA	NA	NA	NA	NA
15-80802784	15-80802784-A-G	15-80802784-A-T	A	G	T	SNV	SNV	252	49	MAV	simple	PX001_1_01	251	1394	251	1394	0	2	G-T	No	NA	NA
16-61781684	16-61781684-A-G	16-61781684-A-T	A	G	T	SNV	SNV	252	49	MAV	simple	PX001_1_01	251	1394	251	1394	0	2	G-T	No	NA	NA
16-67252822	16-67252822-G-A	16-67252822-G-C	G	A	C	SNV	SNV	289	99	MAV	simple	PX001_1_01	288	1314	288	1314	0	2	A-C	No	NA	NA
16-76110896	16-76110896-T-A	16-76110896-T-C	T	A	C	SNV	SNV	233	209	MAV	simple	PX001_1_01	208	1477	208	1477	0	2	A-C	No	NA	NA
17-7887702	17-7887702-A-G	17-7887702-A-T	A	G	T	SNV	SNV	289	104	MAV	FAIL	PX001_1_01	NA	NA	NA	NA	NA	NA	NA	NA	NA	NA
17-29570779	17-29570779-A-C	17-29570779-A-T	A	C	T	SNV	SNV	194	141	MAV	FAIL	PX001_1_01	NA	NA	NA	NA	NA	NA	NA	NA	NA	NA
17-50623842	17-50623842-T-A	17-50623842-T-G	T	A	G	SNV	SNV	347	209	MAV	FAIL	PX001_1_01	NA	NA	NA	NA	NA	NA	NA	NA	NA	NA
17-58740438	17-58740438-AT-A	17-58740438-ATT-A	ATT	ATT	A	INDEL	INDEL	251	208	MAV	FAIL	PX001_1_01	NA	NA	NA	NA	NA	NA	NA	NA	NA	NA
18-1638055	18-1638055-T-C	18-1638055-T-G	T	C	G	SNV	SNV	209	233	MAV	simple	PX001_1_01	208	1477	208	1477	0	2	C-G	No	NA	NA
18-11224013	18-11224013-T-A	18-11224013-T-G	T	A	G	SNV	SNV	317	333	MAV	simple	PX001_1_01	316	1322	316	1322	0	2	A-G	No	NA	NA
18-15025663	18-15025663-T-A	18-15025663-T-C	T	A	C	SNV	SNV	76	161	MAV	FAIL	PX001_1_01	NA	NA	NA	NA	NA	NA	NA	NA	NA	NA
18-27717576	18-27717576-A-C	18-27717576-A-T	A	C	T	SNV	SNV	67	70	MAV	FAIL	PX001_1_01	NA	NA	NA	NA	NA	NA	NA	NA	NA	NA
18-50653514	18-50653514-T-A	18-50653514-T-G	T	A	G	SNV	SNV	233	209	MAV	simple	PX001_1_01	208	1477	208	1477	0	2	A-G	No	NA	NA
18-52338620	18-52338620-G-A	18-52338620-G-T	G	A	T	SNV	SNV	322	318	MAV	simple	PX001_1_01	317	1947	317	1947	0	2	A-T	No	NA	NA
18-60096596	18-60096596-GT-G	18-60096597-T-A	GT	G	GA	INDEL	SNV	95	107	MAV	FAIL	PX001_1_01	NA	NA	NA	NA	NA	NA	NA	NA	NA	NA
18-65780590	18-65780590-CT-C	18-65780591-T-A	CT	C	CA	INDEL	SNV	190	191	MAV	simple	PX001_1_01	376	1130	376	1130	0	2	C-CA	No	NA	NA
18-67501706	18-67501706-A-C	18-67501706-A-G	A	C	G	SNV	SNV	32	240	MAV	removed	PX001_1_01	240	386	241	1090	704	3	G-G-C	Yes	NA	NA
18-71115670	18-71115670-A-G	18-71115670-A-T	A	G	T	SNV	SNV	322	333	MAV	removed	PX001_1_01	316	1322	317	1947	625	3	T-A-G	No	5	57
18-71524480	18-71524480-A-C	18-71524480-A-T	A	C	T	SNV	SNV	322	333	MAV	removed	PX001_1_01	316	1322	317	1947	625	3	T-A-C	No	5	65
19-32129992	19-32129992-C-A	19-32129992-C-T	C	A	T	SNV	SNV	241	33	MAV	simple	PX001_1_01	240	386	240	386	0	2	A-T	No	NA	NA
20-8472357	20-8472357-A-C	20-8472357-A-G	A	C	G	SNV	SNV	161	169	MAV	FAIL	PX001_1_01	NA	NA	NA	NA	NA	NA	NA	NA	NA	NA
20-19880261	20-19880261-TCTGAAGGCTTGA-T	20-19880265-AAGGCTTGACTGGTGAG-ACAGC	TCTGAAGGCTTGACTGGTGAG	TCTGGTGAG	TCTGACAGC	INDEL	INDEL	169	169	MAV	FAIL	PX001_1_01	NA	NA	NA	NA	NA	NA	NA	NA	NA	NA
20-30087445	20-30087445-T-A	20-30087445-T-C	T	A	C	SNV	SNV	252	49	MAV	simple	PX001_1_01	251	1394	251	1394	0	2	A-C	No	NA	NA
20-42666588	20-42666588-G-A	20-42666588-G-C	G	A	C	SNV	SNV	197	29	MAV	FAIL	PX001_1_01	NA	NA	NA	NA	NA	NA	NA	NA	NA	NA
20-59965590	20-59965590-G-A	20-59965590-G-T	G	A	T	SNV	SNV	252	49	MAV	simple	PX001_1_01	251	1394	251	1394	0	2	A-T	No	NA	NA
21-32711492	21-32711492-C-G	21-32711492-C-T	C	G	T	SNV	SNV	175	318	MAV	FAIL	PX001_1_01	NA	NA	NA	NA	NA	NA	NA	NA	NA	NA
X-23890858	X-23890858-CT-C	X-23890859-T-G	CT	C	CG	INDEL	SNV	233	209	MAV	simple	PX001_1_01	208	1477	208	1477	0	2	C-CG	No	NA	NA
X-25696238	X-25696238-A-C	X-25696238-A-T	A	C	T	SNV	SNV	95	70	MAV	FAIL	PX001_1_01	NA	NA	NA	NA	NA	NA	NA	NA	NA	NA
X-26183519	X-26183519-A-C	X-26183519-A-G	A	C	G	SNV	SNV	42	41	MAV	simple	PX001_1_01	248	2496	248	2496	0	2	C-G	No	NA	NA
X-26348956	X-26348956-T-A	X-26348956-T-C	T	A	C	SNV	SNV	140	323	MAV	simple	PX001_1_01	322	2428	322	2428	0	2	A-C	No	NA	NA
X-33549705	X-33549705-A-C	X-33549705-A-T	A	C	T	SNV	SNV	153	170	MAV	FAIL	PX001_1_01	NA	NA	NA	NA	NA	NA	NA	NA	NA	NA
X-38716459	X-38716459-A-G	X-38716459-A-T	A	G	T	SNV	SNV	37	36	MAV	simple	PX001_1_01	244	1809	244	1809	0	2	G-T	No	NA	NA
X-56354615	X-56354615-T-A	X-56354615-T-C	T	A	C	SNV	SNV	318	316	MAV	removed	PX001_1_01	316	1322	317	1947	625	3	C-A-C	Yes	NA	NA
X-66750308	X-66750308-T-C	X-66750308-T-G	T	C	G	SNV	SNV	317	333	MAV	simple	PX001_1_01	316	1322	316	1322	0	2	C-G	No	NA	NA
X-72633700	X-72633700-A-G	X-72633700-A-T	A	G	T	SNV	SNV	95	69	MAV	FAIL	PX001_1_01	NA	NA	NA	NA	NA	NA	NA	NA	NA	NA
X-79386501	X-79386501-T-A	X-79386501-T-G	T	A	G	SNV	SNV	318	333	MAV	removed	PX001_1_01	316	1322	317	1947	625	3	G-A-T	No	12	149
X-81642328	X-81642328-A-C	X-81642328-A-T	A	C	T	SNV	SNV	83	80	MAV	FAIL	PX001_1_01	NA	NA	NA	NA	NA	NA	NA	NA	NA	NA
X-92894073	X-92894073-T-A	X-92894073-T-G	T	A	G	SNV	SNV	289	99	MAV	simple	PX001_1_01	288	1314	288	1314	0	2	A-G	No	NA	NA
X-98203793	X-98203793-CT-C	X-98203794-T-A	CT	C	CA	INDEL	SNV	367	174	MAV	simple	PX001_1_01	366	1764	366	1764	0	2	C-CA	No	NA	NA
X-100408764	X-100408764-A-C	X-100408764-A-G	A	C	G	SNV	SNV	241	33	MAV	simple	PX001_1_01	240	386	240	386	0	2	C-G	No	NA	NA
X-144490988	X-144490988-T-A	X-144490988-T-G	T	A	G	SNV	SNV	322	333	MAV	removed	PX001_1_01	316	1322	317	1947	625	3	G-T-A	No	5	75
X-148248120	X-148248120-C-A	X-148248120-C-T	C	A	T	SNV	SNV	94	158	MAV	FAIL	PX001_1_01	NA	NA	NA	NA	NA	NA	NA	NA	NA	NA
X-152931671	X-152931671-G-A	X-152931671-G-T	G	A	T	SNV	SNV	40	251	MAV	FAIL	PX001_1_01	NA	NA	NA	NA	NA	NA	NA	NA	NA	NA
