"","exp_ID","Chrom_pos","mut_ref1","mut_ref2","Ref","Alt1","Alt2","Mut_type1","Mut_type2","Node1","Node2","Type","Class","Sample_ID","lesion_node","lesion_timing","lesion_repair_node","lesion_repair_timing","lesion_duration","no_of_cell_divisions","base_order","MAV_is_PVV","colonies_per_negative_subclade","depth_per_negative_subclade","res"
"1","PD37105b","9-11257161","9-11257161-A-G","9-11257161-A-T","A","G","T","SNV","SNV",8,8,"MAV","PASS","PD37105b",NA,NA,NA,NA,NA,NA,NA,NA,NA,NA,"No SNPs appear to be heterozygous"
"2","PD37107b","4-132988169","4-132988169-A-G","4-132988169-A-T","A","G","T","SNV","SNV",16,1,"MAV","PASS","PD37107b",NA,NA,NA,NA,NA,NA,NA,NA,NA,NA,"Unable to confirm phasing"
"3","PD37110b","6-87262269","6-87262269-A-G","6-87262269-A-T","A","G","T","SNV","SNV",9,8,"MAV","FAIL","PD37110b",NA,NA,NA,NA,NA,NA,NA,NA,NA,NA,"Unable to confirm phasing"
"4","PD37110b","13-90386195","13-90386195-A-G","13-90386195-A-T","A","G","T","SNV","SNV",5,6,"MAV","PASS","PD37110b",NA,NA,NA,NA,NA,NA,NA,NA,NA,NA,"Unable to confirm phasing"
"5","PD37111b","8-137232165","8-137232165-C-A","8-137232165-C-T","C","A","T","SNV","SNV",34,41,"MAV","FAIL","PD37111b",NA,NA,NA,NA,NA,NA,NA,NA,NA,NA,"Unable to confirm phasing"
"6","PD37111b","4-109045821","4-109045821-G-A","4-109045821-G-T","G","A","T","SNV","SNV",12,11,"MAV","PASS","PD37111b",NA,NA,NA,NA,NA,NA,NA,NA,NA,NA,"Unable to confirm phasing"
"7","PD37111b","18-32005400","18-32005400-T-A","18-32005400-T-C","T","A","C","SNV","SNV",10,10,"MAV","PASS","PD37111b",NA,NA,NA,NA,NA,NA,NA,NA,NA,NA,"Unable to confirm phasing"
"8","PD37111b","11-82399920","11-82399920-C-A","11-82399920-C-T","C","A","T","SNV","SNV",9,36,"MAV","PASS","PD37111b",NA,NA,NA,NA,NA,NA,NA,NA,NA,NA,"Same phasing confirmed"
"9","PD37111b","13-66154075","13-66154075-A-G","13-66154075-A-T","A","G","T","SNV","SNV",5,6,"MAV","PASS","PD37111b",NA,NA,NA,NA,NA,NA,NA,NA,NA,NA,"Unable to confirm phasing"
"10","PD37118b","13-43777329","13-43777329-C-A","13-43777329-C-G","C","A","G","SNV","SNV",4,27,"MAV","PASS","PD37118b",NA,NA,NA,NA,NA,NA,NA,NA,NA,NA,"Unable to confirm phasing"
"11","PD37118b","3-86461948","3-86461948-T-A","3-86461948-T-C","T","A","C","SNV","SNV",31,31,"MAV","FAIL","PD37118b",NA,NA,NA,NA,NA,NA,NA,NA,NA,NA,"Unable to confirm phasing"
"12","PD37118b","5-33334692","5-33334692-A-G","5-33334692-A-T","A","G","T","SNV","SNV",6,23,"MAV","FAIL","PD37118b",NA,NA,NA,NA,NA,NA,NA,NA,NA,NA,"Unable to confirm phasing"
"13","PD37118b","2-227002033","2-227002033-G-C","2-227002033-G-T","G","C","T","SNV","SNV",16,29,"MAV","FAIL","PD37118b",NA,NA,NA,NA,NA,NA,NA,NA,NA,NA,"Unable to confirm phasing"
"14","PD37231b","5-155315477","5-155315477-A-G","5-155315477-A-T","A","G","T","SNV","SNV",7,7,"MAV","PASS","PD37231b",NA,NA,NA,NA,NA,NA,NA,NA,NA,NA,"Same phasing confirmed"
"15","PD37231b","2-49918278","2-49918278-T-A","2-49918278-T-C","T","A","C","SNV","SNV",28,28,"MAV","FAIL","PD37231b",NA,NA,NA,NA,NA,NA,NA,NA,NA,NA,"Unable to confirm phasing"
"16","PD37232b","7-25598584","7-25598584-C-A","7-25598584-C-T","C","A","T","SNV","SNV",29,29,"MAV","FAIL","PD37232b",NA,NA,NA,NA,NA,NA,NA,NA,NA,NA,"Unable to confirm phasing"
"17","PD37234b","15-54528297","15-54528297-T-A","15-54528297-T-C","T","A","C","SNV","SNV",34,34,"MAV","FAIL","PD37234b",NA,NA,NA,NA,NA,NA,NA,NA,NA,NA,"Unable to confirm phasing"
"18","PD37237b","6-115020375","6-115020375-T-A","6-115020375-T-C","T","A","C","SNV","SNV",34,20,"MAV","FAIL","PD37237b",NA,NA,NA,NA,NA,NA,NA,NA,NA,NA,"Unable to confirm phasing"
"19","PD37238b","13-56479351","13-56479351-C-A","13-56479351-C-T","C","A","T","SNV","SNV",31,32,"MAV","PASS","PD37238b",NA,NA,NA,NA,NA,NA,NA,NA,NA,NA,"Unable to confirm phasing"
"20","PD37238b","5-157424645","5-157424645-A-G","5-157424645-A-T","A","G","T","SNV","SNV",31,32,"MAV","PASS","PD37238b",NA,NA,NA,NA,NA,NA,NA,NA,NA,NA,"Unable to confirm phasing"
"21","PD37238b","7-113580755","7-113580755-T-A","7-113580755-T-C","T","A","C","SNV","SNV",5,4,"MAV","PASS","PD37238b",NA,NA,NA,NA,NA,NA,NA,NA,NA,NA,"Unable to confirm phasing"
"22","PD37238b","16-28505492","16-28505492-C-G","16-28505492-C-T","C","G","T","SNV","SNV",28,22,"MAV","FAIL","PD37238b",NA,NA,NA,NA,NA,NA,NA,NA,NA,NA,"Unable to confirm phasing"
"23","PD37238b","4-27173661","4-27173661-T-A","4-27173661-T-C","T","A","C","SNV","SNV",31,4,"MAV","PASS","PD37238b",NA,NA,NA,NA,NA,NA,NA,NA,NA,NA,"Same phasing confirmed"
"24","PD37239b","7-125416672","7-125416672-T-A","7-125416672-T-C","T","A","C","SNV","SNV",4,4,"MAV","PASS","PD37239b",NA,NA,NA,NA,NA,NA,NA,NA,NA,NA,"Same phasing confirmed"
"25","PD37240b","17-55235308","17-55235308-C-G","17-55235308-C-T","C","G","T","SNV","SNV",17,31,"MAV","FAIL","PD37240b",NA,NA,NA,NA,NA,NA,NA,NA,NA,NA,"Same phasing confirmed"
"26","PD37240b","10-31026179","10-31026179-A-C","10-31026179-A-G","A","C","G","SNV","SNV",5,4,"MAV","FAIL","PD37240b",NA,NA,NA,NA,NA,NA,NA,NA,NA,NA,"Same phasing confirmed"
"27","PD37243b","12-38825292","12-38825292-C-A","12-38825292-C-T","C","A","T","SNV","SNV",2,1,"MAV","PASS","PD37243b",NA,NA,NA,NA,NA,NA,NA,NA,NA,NA,"Unable to confirm phasing"
"28","PD37243b","9-30991057","9-30991057-A-G","9-30991057-A-T","A","G","T","SNV","SNV",3,5,"MAV","PASS","PD37243b",NA,NA,NA,NA,NA,NA,NA,NA,NA,NA,"Unable to confirm phasing"
"29","PD37243b","1-102412900","1-102412900-T-C","1-102412900-T-G","T","C","G","SNV","SNV",4,3,"MAV","PASS","PD37243b",NA,NA,NA,NA,NA,NA,NA,NA,NA,NA,"Unable to confirm phasing"
"30","PD37907b","2-36581837","2-36581837-G-C","2-36581837-G-T","G","C","T","SNV","SNV",26,33,"MAV","FAIL","PD37907b",NA,NA,NA,NA,NA,NA,NA,NA,NA,NA,"Unable to confirm phasing"
"31","PD37909b","4-84975692","4-84975692-C-G","4-84975692-C-T","C","G","T","SNV","SNV",19,29,"MAV","FAIL","PD37909b",NA,NA,NA,NA,NA,NA,NA,NA,NA,NA,"Unable to confirm phasing"
"32","PD37909b","5-109466265","5-109466265-G-A","5-109466265-G-T","G","A","T","SNV","SNV",22,2,"MAV","FAIL","PD37909b",NA,NA,NA,NA,NA,NA,NA,NA,NA,NA,"Unable to confirm phasing"
"33","PD37910b","1-82650133","1-82650133-T-A","1-82650133-T-G","T","A","G","SNV","SNV",2,13,"MAV","FAIL","PD37910b",NA,NA,NA,NA,NA,NA,NA,NA,NA,NA,"Unable to confirm phasing"
"34","PD37910b","18-31795479","18-31795479-A-G","18-31795479-A-T","A","G","T","SNV","SNV",34,13,"MAV","PASS","PD37910b",NA,NA,NA,NA,NA,NA,NA,NA,NA,NA,"Unable to confirm phasing"
"35","PD37915b","1-104590006","1-104590006-A-G","1-104590006-A-T","A","G","T","SNV","SNV",11,12,"MAV","PASS","PD37915b",NA,NA,NA,NA,NA,NA,NA,NA,NA,NA,"Unable to confirm phasing"
"36","PD37918b","2-78540853","2-78540853-C-A","2-78540853-C-T","C","A","T","SNV","SNV",7,4,"MAV","FAIL","PD37918b",NA,NA,NA,NA,NA,NA,NA,NA,NA,NA,"Unable to confirm phasing"
"37","PD37918b","2-6424759","2-6424759-A-C","2-6424759-A-G","A","C","G","SNV","SNV",1,2,"MAV","PASS","PD37918b",NA,NA,NA,NA,NA,NA,NA,NA,NA,NA,"Same phasing confirmed"
"38","PD37918b","7-51862404","7-51862404-A-G","7-51862404-A-T","A","G","T","SNV","SNV",1,2,"MAV","PASS","PD37918b",NA,NA,NA,NA,NA,NA,NA,NA,NA,NA,"No SNPs appear to be heterozygous"
"39","PD48367b","20-11823426","20-11823426-T-C","20-11823426-T-G","T","C","G","SNV","SNV",24,29,"MAV","PASS","PD48367b",NA,NA,NA,NA,NA,NA,NA,NA,NA,NA,"Same phasing confirmed"
"40","PD48367b","5-5006480","5-5006480-A-G","5-5006480-A-T","A","G","T","SNV","SNV",29,24,"MAV","PASS","PD48367b",NA,NA,NA,NA,NA,NA,NA,NA,NA,NA,"Same phasing confirmed"
"41","PD48367b","5-22341387","5-22341387-G-C","5-22341387-G-T","G","C","T","SNV","SNV",33,31,"MAV","FAIL","PD48367b",NA,NA,NA,NA,NA,NA,NA,NA,NA,NA,"Unable to confirm phasing"
"42","PD48367b","8-16040380","8-16040380-C-A","8-16040380-C-T","C","A","T","SNV","SNV",25,13,"MAV","PASS","PD48367b",NA,NA,NA,NA,NA,NA,NA,NA,NA,NA,"Unable to confirm phasing"
"43","PD48367b","1-210364064","1-210364064-T-A","1-210364064-T-C","T","A","C","SNV","SNV",34,35,"MAV","PASS","PD48367b",NA,NA,NA,NA,NA,NA,NA,NA,NA,NA,"Unable to confirm phasing"
"44","PD48367b","11-120649476","11-120649476-T-C","11-120649476-T-G","T","C","G","SNV","SNV",13,28,"MAV","PASS","PD48367b",NA,NA,NA,NA,NA,NA,NA,NA,NA,NA,"Unable to confirm phasing"
"45","PD48367c","4-59904181","4-59904181-C-A","4-59904181-C-T","C","A","T","SNV","SNV",35,17,"MAV","PASS","PD48367c",NA,NA,NA,NA,NA,NA,NA,NA,NA,NA,"Unable to confirm phasing"
"46","PD48367c","3-754119","3-754119-C-A","3-754119-C-T","C","A","T","SNV","SNV",33,15,"MAV","PASS","PD48367c",NA,NA,NA,NA,NA,NA,NA,NA,NA,NA,"Same phasing confirmed"
"47","PD48367d","7-71692742","7-71692742-G-A","7-71692742-G-C","G","A","C","SNV","SNV",19,15,"MAV","FAIL","PD48367d",NA,NA,NA,NA,NA,NA,NA,NA,NA,NA,"No SNPs appear to be heterozygous"
"48","PD48367d","8-74119796","8-74119796-C-A","8-74119796-C-T","C","A","T","SNV","SNV",17,6,"MAV","FAIL","PD48367d",NA,NA,NA,NA,NA,NA,NA,NA,NA,NA,"Unable to confirm phasing"
"49","PD48367d","5-6299859","5-6299859-T-A","5-6299859-T-C","T","A","C","SNV","SNV",13,31,"MAV","PASS","PD48367d",NA,NA,NA,NA,NA,NA,NA,NA,NA,NA,"Same phasing confirmed"
"50","PD48367d","12-73311838","12-73311838-A-C","12-73311838-A-G","A","C","G","SNV","SNV",14,10,"MAV","FAIL","PD48367d",NA,NA,NA,NA,NA,NA,NA,NA,NA,NA,"Unable to confirm phasing"
"51","PD48367d","2-79022657","2-79022657-G-A","2-79022657-G-T","G","A","T","SNV","SNV",6,28,"MAV","FAIL","PD48367d",NA,NA,NA,NA,NA,NA,NA,NA,NA,NA,"Unable to confirm phasing"
"52","PD48367d","7-153321303","7-153321303-T-A","7-153321303-T-G","T","A","G","SNV","SNV",2,2,"MAV","PASS","PD48367d",NA,NA,NA,NA,NA,NA,NA,NA,NA,NA,"Unable to confirm phasing"
"53","PD48367e","14-29293319","14-29293319-T-A","14-29293319-T-G","T","A","G","SNV","SNV",32,10,"MAV","PASS","PD48367e",NA,NA,NA,NA,NA,NA,NA,NA,NA,NA,"Unable to confirm phasing"
"54","PD48367e","7-116907764","7-116907764-C-A","7-116907764-C-G","C","A","G","SNV","SNV",5,6,"MAV","PASS","PD48367e",NA,NA,NA,NA,NA,NA,NA,NA,NA,NA,"Same phasing confirmed"
"55","PD48367f","14-57011339","14-57011339-C-A","14-57011339-C-T","C","A","T","SNV","SNV",8,15,"MAV","FAIL","PD48367f",NA,NA,NA,NA,NA,NA,NA,NA,NA,NA,"Same phasing confirmed"
"56","PD48367g","11-5031983","11-5031983-T-A","11-5031983-T-C","T","A","C","SNV","SNV",4,26,"MAV","PASS","PD48367g",NA,NA,NA,NA,NA,NA,NA,NA,NA,NA,"Unable to confirm phasing"
"57","PD48367g","12-74545535","12-74545535-A-G","12-74545535-A-T","A","G","T","SNV","SNV",26,4,"MAV","PASS","PD48367g",NA,NA,NA,NA,NA,NA,NA,NA,NA,NA,"Same phasing confirmed"
"58","PD48367g","13-64490507","13-64490507-T-A","13-64490507-T-C","T","A","C","SNV","SNV",16,33,"MAV","PASS","PD48367g",NA,NA,NA,NA,NA,NA,NA,NA,NA,NA,"Unable to confirm phasing"
"59","PD48367g","6-49817459","6-49817459-T-C","6-49817459-T-G","T","C","G","SNV","SNV",21,2,"MAV","FAIL","PD48367g",NA,NA,NA,NA,NA,NA,NA,NA,NA,NA,"Unable to confirm phasing"
"60","PD48367h","15-32234271","15-32234271-T-C","15-32234271-T-G","T","C","G","SNV","SNV",23,5,"MAV","PASS","PD48367h",NA,NA,NA,NA,NA,NA,NA,NA,NA,NA,"Same phasing confirmed"
"61","PD48367h","7-57749914","7-57749914-T-C","7-57749914-T-G","T","C","G","SNV","SNV",4,6,"MAV","FAIL","PD48367h",NA,NA,NA,NA,NA,NA,NA,NA,NA,NA,"Same phasing confirmed"
"62","PD48367i","3-84500367","3-84500367-T-A","3-84500367-T-C","T","A","C","SNV","SNV",11,10,"MAV","PASS","PD48367i",NA,NA,NA,NA,NA,NA,NA,NA,NA,NA,"Unable to confirm phasing"
"63","PD48367i","14-32672438","14-32672438-C-G","14-32672438-C-T","C","G","T","SNV","SNV",4,12,"MAV","FAIL","PD48367i",NA,NA,NA,NA,NA,NA,NA,NA,NA,NA,"Non-matching phasing confirmed"
"64","PD48372b","14-106736499","14-106736499-C-A","14-106736499-C-T","C","A","T","SNV","SNV",1,20,"MAV","PASS","PD48372b",NA,NA,NA,NA,NA,NA,NA,NA,NA,NA,"Same phasing confirmed"
"65","PD48372b","9-23746994","9-23746994-A-G","9-23746994-A-T","A","G","T","SNV","SNV",1,21,"MAV","PASS","PD48372b",NA,NA,NA,NA,NA,NA,NA,NA,NA,NA,"Unable to confirm phasing"
"66","PD48372b","4-124938007","4-124938007-T-C","4-124938007-T-G","T","C","G","SNV","SNV",1,21,"MAV","PASS","PD48372b",NA,NA,NA,NA,NA,NA,NA,NA,NA,NA,"Same phasing confirmed"
"67","PD48372b","8-114972139","8-114972139-T-A","8-114972139-T-C","T","A","C","SNV","SNV",21,4,"MAV","PASS","PD48372b",NA,NA,NA,NA,NA,NA,NA,NA,NA,NA,"Unable to confirm phasing"
"68","PD48372c","15-29158290","15-29158290-G-A","15-29158290-G-T","G","A","T","SNV","SNV",35,34,"MAV","PASS","PD48372c",NA,NA,NA,NA,NA,NA,NA,NA,NA,NA,"Unable to confirm phasing"
"69","PD48372c","13-64062479","13-64062479-T-A","13-64062479-T-C","T","A","C","SNV","SNV",31,5,"MAV","PASS","PD48372c",NA,NA,NA,NA,NA,NA,NA,NA,NA,NA,"Unable to confirm phasing"
"70","PD48372c","9-83322553","9-83322553-A-C","9-83322553-A-G","A","C","G","SNV","SNV",4,3,"MAV","PASS","PD48372c",NA,NA,NA,NA,NA,NA,NA,NA,NA,NA,"Unable to confirm phasing"
"71","PD48372c","18-52367309","18-52367309-G-C","18-52367309-G-T","G","C","T","SNV","SNV",3,4,"MAV","PASS","PD48372c",NA,NA,NA,NA,NA,NA,NA,NA,NA,NA,"Unable to confirm phasing"
"72","PD48372c","1-166513510","1-166513510-G-C","1-166513510-G-T","G","C","T","SNV","SNV",21,27,"MAV","FAIL","PD48372c",NA,NA,NA,NA,NA,NA,NA,NA,NA,NA,"Unable to confirm phasing"
"73","PD48372d","12-79747760","12-79747760-A-C","12-79747760-A-G","A","C","G","SNV","SNV",9,29,"MAV","PASS","PD48372d",NA,NA,NA,NA,NA,NA,NA,NA,NA,NA,"Unable to confirm phasing"
"74","PD48372d","5-29043497","5-29043497-T-A","5-29043497-T-C","T","A","C","SNV","SNV",7,25,"MAV","PASS","PD48372d",NA,NA,NA,NA,NA,NA,NA,NA,NA,NA,"Unable to confirm phasing"
"75","PD48372e","7-52882474","7-52882474-A-G","7-52882474-A-T","A","G","T","SNV","SNV",27,13,"MAV","PASS","PD48372e",NA,NA,NA,NA,NA,NA,NA,NA,NA,NA,"Same phasing confirmed"
"76","PD48372f","7-107782623","7-107782623-A-G","7-107782623-A-T","A","G","T","SNV","SNV",12,27,"MAV","PASS","PD48372f",NA,NA,NA,NA,NA,NA,NA,NA,NA,NA,"Same phasing confirmed"
"77","PD48372f","4-45371543","4-45371543-T-A","4-45371543-T-C","T","A","C","SNV","SNV",31,27,"MAV","PASS","PD48372f",NA,NA,NA,NA,NA,NA,NA,NA,NA,NA,"No SNPs appear to be heterozygous"
"78","PD48372f","4-65156961","4-65156961-T-A","4-65156961-T-C","T","A","C","SNV","SNV",27,31,"MAV","PASS","PD48372f",NA,NA,NA,NA,NA,NA,NA,NA,NA,NA,"Same phasing confirmed"
"79","PD48372f","19-31951563","19-31951563-A-G","19-31951563-A-T","A","G","T","SNV","SNV",23,23,"MAV","PASS","PD48372f",NA,NA,NA,NA,NA,NA,NA,NA,NA,NA,"Unable to confirm phasing"
"80","PD48372f","7-147458556","7-147458556-A-G","7-147458556-A-T","A","G","T","SNV","SNV",2,2,"MAV","PASS","PD48372f",NA,NA,NA,NA,NA,NA,NA,NA,NA,NA,"Unable to confirm phasing"
"81","PD48372g","16-79991938","16-79991938-T-A","16-79991938-T-C","T","A","C","SNV","SNV",33,34,"MAV","PASS","PD48372g",NA,NA,NA,NA,NA,NA,NA,NA,NA,NA,"Unable to confirm phasing"
"82","PD48372g","1-66351929","1-66351929-T-A","1-66351929-T-C","T","A","C","SNV","SNV",34,12,"MAV","PASS","PD48372g",NA,NA,NA,NA,NA,NA,NA,NA,NA,NA,"Same phasing confirmed"
"83","PD48372g","12-90798660","12-90798660-C-A","12-90798660-C-T","C","A","T","SNV","SNV",17,19,"MAV","FAIL","PD48372g",NA,NA,NA,NA,NA,NA,NA,NA,NA,NA,"Unable to confirm phasing"
"84","PD48372g","18-75596217","18-75596217-T-A","18-75596217-T-C","T","A","C","SNV","SNV",2,25,"MAV","PASS","PD48372g",NA,NA,NA,NA,NA,NA,NA,NA,NA,NA,"Unable to confirm phasing"
"85","PD48372h","10-57795586","10-57795586-C-A","10-57795586-C-T","C","A","T","SNV","SNV",1,2,"MAV","PASS","PD48372h",NA,NA,NA,NA,NA,NA,NA,NA,NA,NA,"Unable to confirm phasing"
"86","PD48372h","11-5331459","11-5331459-T-C","11-5331459-T-G","T","C","G","SNV","SNV",4,3,"MAV","PASS","PD48372h",NA,NA,NA,NA,NA,NA,NA,NA,NA,NA,"Same phasing confirmed"
"87","PD48372i","6-67770117","6-67770117-A-G","6-67770117-A-T","A","G","T","SNV","SNV",16,2,"MAV","PASS","PD48372i",NA,NA,NA,NA,NA,NA,NA,NA,NA,NA,"Same phasing confirmed"
