mut_ref,Sample_ID,mpboot,rc,alt_phylo
3-102586135-T-A,KX003_5_01,TRUE,TRUE,TRUE
4-32490708-T-A,KX003_5_01,TRUE,TRUE,TRUE
8-128309550-C-A,KX003_5_01,TRUE,TRUE,TRUE
8-29759354-G-A,KX003_5_01,TRUE,TRUE,TRUE
1-23213901-G-A,KX004_5_01,TRUE,FALSE,FALSE
6-54014440-T-G,KX004_5_01,TRUE,FALSE,FALSE
8-138169531-G-A,KX004_5_01,TRUE,FALSE,FALSE
7-140167414-G-A,KX009_1_01,TRUE,TRUE,FALSE
3-57906539-C-T,PX001_2_01,TRUE,TRUE,TRUE
6-20117614-C-T,Pair24,TRUE,FALSE,TRUE
2-171172346-C-T,Pair31,TRUE,FALSE,FALSE
X-108747536-C-A,Pair38,TRUE,FALSE,TRUE
19-51271716-T-TA,Pair38,TRUE,FALSE,FALSE
3-182038851-AT-A,Pair41,TRUE,FALSE,TRUE
1-32201632-C-T,PX001_2_01,FALSE,TRUE,TRUE
10-63986636-C-T,Pair28,FALSE,FALSE,TRUE
14-82666754-G-A,Pair28,FALSE,FALSE,TRUE
6-104547705-C-A,AX001_4_01,FALSE,FALSE,TRUE
10-84229436-G-A,KX003_5_01,FALSE,FALSE,TRUE
